Date,Location,latitude,longitude,Start Time,Stop Time,Num of T,Transect Length,Num of Quadrats,Notes,Acanthophora spicifera,Actinopyga varians,Ahnfeltiopsis concinna,Ahnfeltiopsis flabelliformis,Aiptasia pulchella,Akalaphycus setchelliae,Amansia glomerata,Amphipod spp,Anthopleura nigrescens,Aplysia spp,Articulated Corallines,Asparagopsis taxiformis,Asteronema breviarticulatum,Avrainvillea amadelpha,Barnacles spp,Bleached Coral,Boodlea composita,Bornetella sphaerica,Botryocladia skottsbergii,Brachidontes crebristriatus,Brittle Star,Brown Crust,Bryopsis spp,Calcinus elegans,Calcinus laevimanus,Calcinus seurati,Caulerpa racemosa,Caulerpa sertularioides,Caulerpa spp,Cellana exarata,Cellana sandwicensis,Centroceras clavulatum,Chaetomorpha antennina,Champia parvula,Chnoospora minima,Chondria spp,Cladophora or Cladophoropsis spp,Codium arabicum,Codium edule,Codium spp.,Coelothrix irregularis,Colobocentrotus atratus,Colpomenia sinuosa,Conus ebraeus,Conus spp,Coral spp.,Crab spp,Crustose Coralline Algae,Cyanobacteria spp,Cypraea tigris,Dasya spp,Dendropoma gregaria,Diadema paucispinum,Dichotomaria marginata,Dictyopteris spp,Dictyosphaeria cavernosa,Dictyosphaeria spp,Dictyosphaeria versluysii,Dictyota acutiloba,Dictyota sandvicensis,Dictyota spp,Drupa morum,Echinolittorina hawaiiensis,Echinometra mathaei,Echinometra oblonga,Echinometra sp,Echinothrix spp,Fireworm spp,Galaxaura spp,Galaxaura or Liagora sp,Gelid spp,Gelidiella acerosa,Gelidiopsis intricata,Gelidiopsis spp,Gelidium pusillum,Gracilaria salicornia,Grapsus tenuicrustatus,Grateloupia spp,Griffithsia spp,Halimeda discoidea,Haminoea cymbalum,Hermit Crab,Holothuria atra,Holothuria cinerascens,Holothuria difficilis,Holothuria hilla,Holothuria pardalis,Holothuria spp,Holothuria whitmaei,Hydroclathrus clathratus,Hypnea cervicornis,Hypnea chordacea,Hypnea musciformis,Hypnea spp,Isognomon californicum,Isognomon perna,Laurencia dendroidea,Laurencia dotyi,Laurencia mcdermidiae,Laurencia spp,Leptolyngbya crosbyana,Liagora spp,Littoraria pintado,Lobophora variegata,Loimia medusa,Lyngbya majuscula,Martensia spp,Mauritia mauritiana,Microdictyon setchellianum,Monetaria caputserpentis,Montipora capitata,Montipora sp,Morula granulata,Morula sp,Morula uva,Neomeris spp,Nerita picea,Nerita polita,Nesochthamalus intertextus,Onchidium verruculatum,Ophiocoma brevipes,Ophiocoma erinaceus,Padina spp,Palisada parvipapillata,Palythoa caesia,Parvocaulis parvulus,Peasiella tantilla,Pennaria disticha,Pocillopora damicornis,Pocillopora sp,Porites lobata,Porites sp,Portieria hornemannii,Protopalythoa spp,Pterocladiella caerulescens,Pterocladiella capillacea,Pterocladiella spp,Rhodymenia spp,Sargassum aquifolium,Sargassum polyphyllum,Sargassum spp,Siphonaria normalis,Smaragdinella calyculata,Snail spp.,Sphacelaria spp,Spirobranchus giganteus,Sponge spp,Spyridia filamentosa,Stomatopod spp,Stylocheilus striatus,Symploca hydnoides,Thylacodes variabilis,Trichogloea spp,Tripneustes gratilla,Tube snail,Turbinaria ornata,Turf spp,Ulva fasciata,Ulva flexuosa,Ulva reticulata,Ulva spp,Wrangelia elegantissima,Zoanthid spp,Unknown Brown,Unknown Cyanobacteria,Unknown Fuzzy,Unknown Green,Unknown Polychaete,Unknown  Red,Unknown species,Species count:,Species Count (>=2),Species count (>=5),Simpson's Diversity Index:,Number of tallies recorded_species only,Total number of tallies,Difference = substrate tallies
2/1/2004,Kahana Bay,21.559278,-157.871902,0:00:00,1:00:00,6,10,22,,23,,,,,,,,,,,,15,,15,,,,,11,,,,,,,,,,,,,,,,,,,,,,,,,,,,6,,,,,,,,,,,,,,,,,,,,,,,,,,,,,,,,,,,,,,,,,,,,,,,,,,,,,,,1,,,,,,,,,,,,,,8,,,,,,,,,,,,,,,,,,,,,,,,15,,,,,,,,,,,,,,,,54,1,,,,,,,,,,,17,,11,9,9,0.8369477912,166,550,384
2/24/2004,Diamond Head,21.25544,-157.810303,0:00:00,1:00:00,6,11,58,,3,,,,,,,,,,,,,,3,,,,,,,,,1,,,,,,,,,,,,,5,,,,,,,,,,,4,,,,10,,,,,,,,,102,,3,,,,,,,,,,,,,,,,,2,,,,,,,,,,,,,,,,,,,,51,,,3,,,27,,,4,,,,,,,,2,,,,,,332,,,,,,,,,,,,,,,,,,81,3,,,,,,,,,,,,,,15,308,,,,,,,,,,,1,3,,21,19,9,0.7572705704,963,1450,487
3/4/2004,Kahana Bay,21.559278,-157.871902,0:00:00,1:00:00,6,10,33,,30,,,,,,,,,,,,13,,28,,,,,13,,,,,,,,,,,,,,,,,,,,,,,,,,,,6,,,,,,,,,,,,,,,,,,,,,,,,,,,,,,,,,,,,,,,,,,,,,,,,,,,,,,,,,,,,,,,,,,,,,4,,,,,,,,,,,,,,,,,,,,,,,,15,8,,,,,,,,,,,,,,,73,2,,,,,,,,,,,103,,11,11,9,0.7923440563,295,825,530
2/1/2005,Kahana Bay,21.559278,-157.871902,0:00:00,1:00:00,7,9,31,,85,,,,,,,,,,,,14,,37,,,,,4,,,,,,,,,,,,,,,,,,,,,,,,,,,,,,,,,,,,,,,,,,,,,,,,,,,,,,,,,,,,,,,,,,,,,,,,,,,4,1,,,,,,,,,,,,,,,,,,,,,21,,,,,,,,,,,,,,,,,,,,,,,,,2,,,,,,,,,,,,,,,,1,,,,,,,,,,15,5,,11,9,6,0.7374197906,189,775,586
2/18/2005,Diamond Head,21.25544,-157.810303,0:00:00,1:00:00,6,9,56,,6,,,,,,,,,,,,,,3,,,,,,,,,,,,,,,,,,,,,,,,,,,,,,,,,,,,,3,,,,,,15,,,,,3,,,,,,,,,,,,,,,,,,,,1,,,,,,,,,,,,,,,,,132,,,1,,,,,,,1,,,,,,,6,,,,,,332,,,,,,,,,,,,,,,,,,99,1,,,,,,,,,,,,,,,208,,,,,,,,,,,,12,,15,11,8,0.7333918694,823,1400,577
3/5/2005,Kahana Bay,21.559278,-157.871902,0:00:00,1:00:00,7,9,29,,57,,,,,,,,,,,,15,,28,,,,,1,,,,,,,,,,,,,,,,,,,,,,,,,,,,,,,,,,,,,,,,,,,,,,,,,,,,,,,,,,,,,,,,,,,,,,,,,,,2,,,,,,,,1,,,,,,,,,,,,,,14,,,,,,10,,,,,,,,,,,,,,,,,,,1,,,,,,,,,,,,,,,,,,,,,,,,,,,8,,10,7,6,0.7591240876,137,725,588
3/5/2005,Diamond Head,21.25544,-157.810303,0:00:00,1:00:00,7,9,56,,23,,,,,,,,,,,,,,1,,,,,,,,,,,,,,,,,,,,,,,,,,,,,,,,,,,,,3,,,,,,8,,,6,,4,,1,,,,,,,,,,,,,,,3,,,1,,,,,,,,,,,,,,,,,122,,,1,,,,,,,,,,,,,,1,,,,,,301,,,,,,,,,,,,,,,,,,130,,,,,,,,,,,,,,,1,91,,,,,,,,,,,,257,,17,11,8,0.7839438956,954,1400,446
3/29/2005,Sand Island,21.3002,-157.882599,0:00:00,1:00:00,4,22,26,,,,,,,,,,,,,,,,,,,,,,,,,,,,,,,,,,,,,,,,,,,,,,,,,,,,,,,,,,,,,,6,,,,,,,,,,,,,,,,,,,,,,,,,,,,,,,,,,,,,,,,,,,,,,,,,,,,,,,,,,,,,,181,,,,,,,,,,,,,,,,,,3,,,,,,,,,,,4,,,,,2,,,,,,,,,,,,5,,6,6,3,0.1878109453,201,650,449
3/30/2005,Barbers Point,21.295799,-158.103699,0:00:00,1:00:00,5,20,30,,57,,,,,,,,,,,,,,,,,5,,,,3,,,,,,,,,,,,,,,,,,1,,,,,,,,1,,,,18,,,,,,14,,,18,,,1,,,,,,,,,,,,,,,,,,,,,,,,,,,,,,,,,,,,71,,,,1,,,,,,,,,8,,,,1,,,,,,171,,,,,,,,,,,,,,,,,,24,2,,,,,,,,,,,,,,,48,,,,,,,,,,,,9,,18,13,11,0.7998105062,453,750,297
4/22/2005,Diamond Head,21.25544,-157.810303,0:00:00,1:00:00,5,9,45,,5,,,,,,,,,,,,,,1,,,,,,,,,,,,,,,,,,,,,,,,,,,,,,,,,,,,,1,,,,,,11,,,9,,5,,,,,,,,6,,,,,,,,,2,,,,,,,,,,,,,,,,,,,,35,,,1,,,9,7,1,,,,,,,,1,,,,,,,151,,,,,,,,,,,,,,,,,,50,,,,,,,,,,,,,,,,425,,,,,,,,,,,,117,,18,13,12,0.6849793921,837,1125,288
4/27/2005,Barbers Point,21.295799,-158.103699,0:00:00,1:00:00,4,20,29,,112,,,,,,,,,,,,,,,,,,,,,,,,,1,,,,,,,,,,,,,,,,,,,,,,,,,,31,,,,,,1,,,17,,,,,,,,,,,,,,,,,,,,,,,,,,,,,,,,,,2,,,,,9,,,,,,,,,,,,,1,,,,2,,,,,,111,,,,,,,,,,,,,,,,,,10,,,,,,,,,,,,,,,,44,,,,,,,,,,,,9,,13,10,8,0.770986492,350,725,375
4/29/2005,Sand Island,21.3002,-157.882599,0:00:00,1:00:00,6,22,36,,13,,,,,,,,,,,10,,,,,,,,,,,,,,,,,,,,,,,,,,,,,,,,,,,,8,,,,,,,,,,,,,,,,2,,,,,,,,,,,,,,,,,,,2,,,,,,,,,,,,,,,,,,,,,,,4,,,,,,,1,,,1,,,,,,,106,,,,,,,,,,,,,,,,,,,1,,1,,,,,1,,,,,,,,204,,,,,,,,,,,,26,,14,9,6,0.6284543813,380,900,520
5/1/2005,Diamond Head,21.25544,-157.810303,0:00:00,1:00:00,3,9,27,,12,,,,,,,,,,,,,,,,,,,,,,,,,,,,,,,,,,,,6,,,,,,,,,,,,,,,9,,,,,,,,,26,,,,,,,,,,,,,,,,,,,,,,,,,,,,,,,,,,,,,,,19,,,,,,15,,,,,,,,,,,,,,,,,168,,,,,,,,,,,,,,,,,,67,,,,,,,,,,,,,,,,122,,,,,,,,,,,,36,,10,10,10,0.7828114127,480,675,195
5/1/2005,Barbers Point,21.295799,-158.103699,0:00:00,1:00:00,6,20,34,,134,,,,,,,,,,,,,,,,,,,,,,,,,,,,,,,,,,,,,,,,,,,,,,,,,,,10,,,,,,22,,,2,,,,,,,,,,,,,,,,,,,2,,,,,,,,,,,,,,,,,,,,15,,,,,,,,,,,,,1,,,,1,,,,,,147,,,,,,,,,,,,,,,,,,53,20,,,,,,,,,,,,,,,35,,,,,,,,,,,,1,,13,10,8,0.7733675168,443,850,407
5/6/2005,Sand Island,21.3002,-157.882599,0:00:00,1:00:00,4,22,38,,30,,,,,,,,,,,,,,,,,,,,,,,,,,,,,,,,,,,,,,,,,,,,,,,,,,,,,,,,,,,,1,,,,,,,,,,,,,,,,,,,,,,2,,,,,,,,,,,,,,,,,,,,,,,1,,,,,,,,,,,,,,,,,45,,,,,,,,,,,,,,,,,,,,,,,,,,,,,,,,,,223,,,,,,,,,,,,52,,7,5,4,0.559786175,354,950,596
5/7/2005,Turtle Bay,21.706499,-157.998505,0:00:00,1:00:00,3,27,22,,,,,,,,,,,,,3,,,,,,,,,,,,,,,,,,,,,,,,,,,,,,,4,,,,,,,,,,,,,,,12,,,5,,,13,,,,,,,,,,,,,,,,1,,,,,,,,,,4,,,,,,,,,,116,,,,,,,,,62,,,,,,,,,,,,,,93,,,,,,,,,,,,,,,,,,29,,,,,,,,,,,,,,,14,118,,,,,14,,,,,,,16,,15,14,11,0.837333144,504,550,46
5/21/2005,Turtle Bay,21.706499,-157.998505,0:00:00,1:00:00,2,27,11,,,,,,,,,,,,,,,,,,,,,,,,,,,,,,,,,,,,,,,,,,,,1,,,,,,,,,,,,,,,3,,,1,,,,,,,,,,,,,,,,,,,,,,,,,,,,,,,,,,,,,,,,,,,,,,,,32,,,,,,,,1,,,,,,55,,,,,,,,,,,,,,,,,,13,,,,,,,,,,,,,,,1,103,,,,,,,,,,,,4,,10,6,4,0.6787767101,214,275,61
5/24/2005,Waipuilani,20.7537,-156.460907,0:00:00,1:00:00,5,15,36,,12,,,,,,,,,,,,,,,,,,,,,,,,,,,,,,,,,,,,,,,,,,8,,,,,67,,,,,,,,,,,,,,,,,,,,,,,,,,,,,,,,,,,,,,,,,,,,,60,,,,,,,15,,,,,,,,,,,,,,,,,,,,,,1,8,,,,,,,,,,,,,,,,,,31,,,,,,,,,,,,,,,,23,59,,1,,,,,,,,,2,,12,10,9,0.8382593017,287,900,613
6/4/2005,Turtle Bay,21.706499,-157.998505,0:00:00,1:00:00,3,27,20,,7,1,,,,,,,,,,,,,,,,,,,,,,,,,,,,,,,,,,,11,,,,,,1,,,,,3,,,,,,,,,,7,,,10,,,7,4,,,,,,,,,,,,,,,1,,,,7,,,,,,1,,,,,,,,,,46,,,,,,,,,53,,,,,,,,,,,,,,33,,,,,,,,,,,,,,,,,,7,,,,,,,,,,,,,,,8,146,,,,,,,,,,,,53,,19,15,13,0.81577571,406,500,94
4/17/2006,Mapulehu,21.066799,-156.804993,0:00:00,1:00:00,3,27,29,,97,,,,,,,,,,,,,,,,,,,,,,,,,,,,,,,,,,,,102,,,,,,,,,,,4,,,,,,,,,,,,3,,,,,,,,1,,,,,,,,1,,,,,,,,,,,,,,,5,,,,,,,,,18,,,,,,129,,,,,,,,,,,,,,,,,1,,,,,,,,,,,,,,,,,,17,,,,,,,,,,,,,,,2,,,,,,,,,,,,,,,12,9,6,0.7448687682,380,725,345
4/17/2006,Diamond Head,21.25544,-157.810303,0:00:00,1:00:00,6,11,53,,4,,,,,,,,,,,,,2,1,,,,,,,,,,,,,,,,,,,,,,,,,,,,2,,,,,,,,,10,,,,,,7,,,31,,,,,,,,,,,,,,,,,,,22,,,,,,,,,,,,,,,,,,,,248,,,3,,,,,,,,,,2,,,,,,,,,,188,,,,,,,,,,,,,,,,,,193,6,,,,,,,,,,,,,,3,86,,15,,,,,,,,,,25,,18,17,11,0.8006671716,848,1325,477
4/18/2006,Waipuilani,20.7537,-156.460907,0:00:00,1:00:00,5,22,42,,31,,,,,,,,,,,,,,,,,,,,,,,,,,,,,,,,,,,,,,,,,,,,,24,,109,,,,,,,,,,,1,,,,,,,,,,,,,,,,,,,,,,,,,,,,,,,,,,23,,,,,,,2,,,,,,,,,,,,,,,,,2,,,,,,9,,,,,,,,,,,,,,,,,,14,,,,,,,,,,,,3,,,,12,57,,2,,,,,,,,,,,13,12,8,0.7915465206,289,1050,761
4/27/2006,Barbers Point,21.295799,-158.103699,0:00:00,1:00:00,4,25,16,,5,,,,,,,,,,,,,,,,,,,,,,,,,,,,,,,,,,,,,,1,,,,,,,,,1,,,,25,,,,8,,3,,,,,,,,,,,,,,,,,,,,,,,,,,,,,,,,,,,,,,,,,,2,,,,,,,,,,,,,,,,1,1,,,,,,134,,,,,,,,,,,,,,,,,,1,,,,,,,,,,,,,,,,8,,,,,,,,,,,,,,12,7,5,0.4830966305,190,400,210
4/28/2006,Sand Island,21.3002,-157.882599,0:00:00,1:00:00,3,25,10,,1,,,,,,,,,,,,,,,,,,,,,,,,,,,,,,,,,,,,,,,1,,,,,,,,,,,,,,,,,1,,,,,,,,,,,,,,,,,,,,,,,,,,,,,,,,,,,,,,,,,,,7,,,,,,,,,,,,,,,,,,,,,,,21,,,,,,,,,,,,,,,,,,1,,,,,,,,,,,,,,,,,,,,,,,,,,,,2,,7,3,2,0.5864527629,34,250,216
5/1/2006,Morris Point,21.1059,-156.746094,0:00:00,1:00:00,3,27,27,,,,,,,,,,,,,,,,,,,,,,,22,,,,,,,,,,,,,,,12,,,,,,,,,,,9,,,,,,,,,,,,,,,,,,,,,,,,,,,,,,,,1,,,,,,,,,,,,,,,,,,,,,,,,,,,,,,,,,,,,,,,,,,,40,,,,,,,,,,,,,,,,,,,,,,,,,,,,,,,,,,322,,,,,,,,,,,,,,6,5,5,0.3578544061,406,675,269
5/12/2006,Barbers Point,21.295799,-158.103699,0:00:00,1:00:00,4,25,14,,,,,,,,,,,,,,3,,,,,,,,,6,,,,,,,,,,,,,,,,,,,,,,,,,,,,,,5,,,,,,13,,,,,,,,,,,,,,,,,,,,,,,,,,,,,,,,,,,,,1,,,,,20,,,,,,,,,,,,,,,,1,,,,,,,216,,,,,,,,,,,,1,,,,,,27,1,,,,,,,,,,8,,,,,38,,,,,,,,,,,,1,,14,9,8,0.5756770743,341,350,9
5/15/2006,Sand Island,21.3002,-157.882599,0:00:00,1:00:00,7,25,23,,4,,,,,,,,,,,,,,,,,3,,,,,,,,,,,,,,,,,,,,,1,,,,,,,,,,,,,11,,,,,,1,,,,,,,2,,,,,,,,,,,,,,,,,,,,,,,,,,,,,,,,,,,3,,2,,,,6,,,,,,,,,,,,,,,,,60,,,,,,,,,,,,,,,,,,11,,,,,,,,,,,,,,,,46,,,,,,,,,,,,,,12,10,5,0.7365548098,150,575,425
5/16/2006,Ewa Beach,21.310612,-158.00441,0:00:00,1:00:00,4,20,4,,12,,,,,,,,,,,,,,,,,,,,,,,,,,,,,,,,1,,,,,,,,,,,,,,,2,,,,14,,,,20,,,27,,,,,,,,,,,,,,,,,,,,,4,,,,,,,,,,,4,,,,,,,,,14,,,,,,,,,5,,,,,,,,,,,,,,4,,,,,,,,,,,,,,,,,,7,,,,,,,,,,,,,,,6,18,,,,,,,,,,,,,,14,13,9,0.8934729715,138,100,-38
5/17/2006,Sandy Beach,21.2882,-157.667999,0:00:00,1:00:00,3,20,4,,1,,,,,,,,,,,,,,,,,,,,,,,,,,,,,,,,,,,,,,,,,,1,,,2,,,,,,,,,,,,3,,,,,,,,,,,,,6,,,,,3,,,,,,,,,,,,,,,,,,,,,,,,6,,3,,,,,,,,,,,1,,,,,,,,,,8,,,,,,,,,,,,,,,,,,10,,,,,,,,,,,,,,,1,34,,,,,,,,,,,,,,13,9,5,0.7812398572,79,100,21
4/5/2007,Waiopae,19.488199,-154.819305,0:00:00,1:00:00,4,20,13,,,,,,,,,,,,,,,,,,,,,,,10,,,,,,,,,,,,,,,,,,,,,,,,,,,,,,,,,,,,,,,,,,1,,,,,,,,,,,,,,,,,,,,,,,,,,,,,,,,,,,,9,,,,,,,,,,,94,,,,,,,,,,,,,,,,,,,,,,,,,,,,,,,,,,,,,,,,,1,,,,,131,,,,,,,,,,,,1,,7,4,4,0.5731871894,247,325,78
4/18/2007,Diamond Head,21.25544,-157.810303,0:00:00,1:00:00,7,11,74,,175,,,,,,,1,,,,,,,1,,,,,,,9,,,,,,,,,,,,,25,,18,,,,1,,,,,,,16,,,,58,,,7,3,,4,10,1,,,9,,,,,,,,4,,,,,38,,,,6,,,2,,,,,,,,1,,33,,,,,,71,140,,,3,,,72,,,5,,,,,,,,4,,,,,,220,,,,,,,,,,,,,2,,,,,221,36,,,,,,1,,,,,,,,2,142,,,,,20,,,,,,11,21,,37,31,23,0.9039336667,1393,1850,457
4/19/2007,Maili Beach,21.4104,-158.177704,0:00:00,1:00:00,10,20,15,,82,4,,,,,,,,,,,,,,,,,,5,,,,,,,,,,,,,,,,,,,,,,9,,2,,9,,,,,,,,,,,,,,56,33,,,7,1,,,,,,,,,,,,,,,,,,,,,,,,,,,,,,1,,,,9,32,,,,,,,,,,,,,,,,,,,,,,,11,,,,,,,,,,,,,15,,,,,,2,,24,,,,,,,,,,,,16,44,41,,,,,,,,,,3,52,,22,20,16,0.9074751799,458,375,-83
4/19/2007,Diamond Head,21.25544,-157.810303,0:00:00,1:00:00,7,11,66,,11,,,,,,3,,5,,,,,10,2,,,2,1,,,2,,,,,,,,,,,,,,,21,,,,,,,,,,,1,,,,80,,,32,12,,5,70,52,,,14,,,,,,,,5,,,,,24,,,,7,,,5,,,,,,,,,,18,,2,,,,40,207,,3,4,,,40,,,44,,,,1,,1,1,2,,,,,,168,,,,1,,,,,,,,,13,,,,,101,10,,1,3,,1,,,,,1,,,,43,134,,,,,,,,,,,5,41,,46,37,28,0.9203901583,1249,1650,401
4/20/2007,Waipuilani,20.7537,-156.460907,0:00:00,1:00:00,4,9,36,,14,,,,,,,,2,,,,5,,,,,,,,,9,2,,5,,,,,,,,,,,,,,,,,,1,,,12,,18,,,,,,,,,,,1,3,,,,1,,,,,,,,,,,,,,,,,,,,,,,,,,,,,1,,2,,,,,1,,,,,,27,,,,3,,,,,,,,,,,,,1,,,,,,,,,,,,,,,,,,5,,,,,,3,,,,,,,,,,59,27,,,,,,,,,,,,,22,16,10,0.8620265012,202,900,698
4/20/2007,Sandy Beach,21.2882,-157.667999,0:00:00,1:00:00,3,20,15,,4,,,,,,,,,,7,,,,,,,,,,,10,,,,,,,,,,,,,,,12,,,,1,,1,,,3,,10,,,,,,,,,,,,2,,,,,,,,,,,4,,,,,,,,,,,,,,,,,,,,,,,,,,,,,3,,,,,,1,,,,,,,,,,,,,,,,,2,,,,,,,,,,,,7,12,,,,,,,,,,,,,,,,5,,,,,115,,,,,,,,,,,,,,17,14,8,0.6523526725,199,375,176
5/1/2007,Waipuilani,20.7537,-156.460907,0:00:00,1:00:00,5,18,43,,18,,,,,,,,,,,,,,,,,,,,,,,,,,,,,,,,1,,,,1,,,,,,1,,,,,73,,,,,,,,,,,1,,1,,,1,,,,,,,1,,,,,,,,,,,1,,,,,,,,,,,17,,,,,,,1,,,,,,,,,,1,,,,,,,,,,,,,9,,,,,,,,,,,,,,,,,,38,,,,1,,,,,,,,,,,,44,10,,2,,,,,,,,5,3,,21,10,8,0.8230112018,230,1075,845
5/1/2007,Sand Island,21.3002,-157.882599,0:00:00,1:00:00,4,30,36,,26,,,,,,,,,,,1,,,,,,,,,,6,,,,,,,,,,,,,,,4,1,,,,,1,,,,,5,,,,,,,,,,,,,,,,1,2,,,,,,,,,,,,,,,,,,,1,,,,,,,,,,,,,,,,,,,,,,7,,,,,,,1,,,,,,,,,,42,,,,,,,,,,,,,,,,,,,,,,,,,,,,,12,,,,,163,,,,,,,,,,,,9,,16,10,8,0.6329219353,282,900,618
5/2/2007,Barbers Point,21.295799,-158.103699,0:00:00,1:00:00,5,30,22,,21,,,,,,,,,,,,,,1,,,,,,,1,,,,,,,,,,,,,,,5,,2,,,,,,,,,13,,,,,,,,,,6,2,,,,,,,,,,,,,,,,,2,,,,1,,,,,,,,,,,,,,,,,,,,4,,,,,,1,,,,,,,2,,,1,1,,,,,,69,,,,,,,,,,,,,,,,,,11,5,,1,,,7,,,,,,,,,,159,,,,,,,,,,,,18,,22,15,10,0.720159919,333,550,217
5/4/2007,Sand Island,21.3002,-157.882599,0:00:00,1:00:00,4,30,20,,5,,,,,,,,,,,,,2,,,,,,,,5,2,,,,,,,,,,,,,,,,3,,,,1,,,,,20,,,,,,,,,,4,,,,,,,,,,,,,,,,,,,,,,,,,,1,,,,,,,,,,,,,,,,,,,,4,,56,,,,,,,,,,,,,,,,,17,,,,,,,,,,,,,,,,,,,,,,1,,,,1,,,2,,,,,58,,,,,,,,,,,,,,16,12,6,0.7840446846,182,500,318
5/15/2007,Hilo Yacht Club,19.737894,-155.034058,0:00:00,1:00:00,6,18,22,,,,,,,,,,,,,,,,,,,,,6,,,,,,,,,,,,,,,,,,,,,,,,,,,,,,,,,,,,3,,,1,,,,,1,,,,,,,,,,,,46,,,,,,,,,,,,,,,,,,,4,,,,,,,,,,,,,,,,,,,,,,2,,,,,,108,,,,,,,,,,,,,,,,,,,,,,,,,,,,,,,,,,8,,,,,,,,,,,3,11,,11,9,5,0.6262953368,193,550,357
5/16/2007,Sand Island,21.3002,-157.882599,0:00:00,1:00:00,5,30,15,,6,,,,,,,,,,,,,,,,,,,,,,,,,,,,,,,,,,,,,,2,,,,,,,1,,,,,,,,,,,,1,,,,,,,,,,,,,,,,,,,,,,,,,,,,,,,,,,,,,,,,,,,,,,1,,16,,,,,,,,,,,,,,,,,30,,,,,,,,,,,,,,,,,,,,,,,,,,,,,,1,,,,96,,,,,,,,,,,1,,,10,5,4,0.5700879765,155,375,220
5/17/2007,Waiopae,19.488199,-154.819305,0:00:00,1:00:00,5,20,49,,,,,,,,,,,,,,,,,,,,,,,27,,,,,,,,,,,,,,,,,,,,,,,,55,,135,,,,,,,,,,,27,,,,,13,1,,,,,,,,,,,,,,,,,,,,,,,,,,,,,,,,,,8,18,,1,,26,,9,,,,,23,,,,,,,,,,,1,16,,,,,,5,,108,,,,,,,,,,,,,,,1,,,,,,50,,,,,597,,,2,,2,,,,,,3,1,,23,18,15,0.6903853281,1129,1225,96
5/18/2007,Barbers Point,21.295799,-158.103699,0:00:00,1:00:00,5,30,28,,24,,,,,,,,,,,,,,,,,,,,,1,,,,,,,,,,,,,,,5,,,,,,,,,,,19,,,,,,,2,,,13,4,,,,,1,,,,,,,,,,,,,,,,,,,,,,,,,,,1,3,,,2,,,,4,28,,,,,,6,,,3,,,,,,,6,,,,,,,196,,,,,,,,,,,,,1,,,,,28,1,,,,,1,,,,,2,,,,,189,,,,,,,,,,,1,3,,25,18,10,0.7412184487,544,700,156
2/23/2008,Maili Beach,21.4104,-158.177704,0:00:00,1:00:00,4,21,41,,272,,,,,,,,1,,,,,,,,,,,,,3,,,,,1,,,,,,19,,,,,,,,,,2,,,,,24,,,,77,,,,,11,,,,75,,,37,28,,,,,,2,24,,,,,,,,,,,,,,,,,,,14,,2,,,,,,,16,,,,,,18,,,,,,,,,,,,,,,,,1,,,,,,,,,,,,75,,,,,,,,,,,,,,,,,1,,,,,136,31,,,,,,,,,,,,,23,19,15,0.8487652606,870,1025,155
2/20/2016,Sand Island,21.3002,-157.882599,8:44:00,10:20:00,7,25,75,,1,1,,,,,,,,,341,7,,1,,13,3,8,,,,171,,,,,,,,,,,1,,,,,,,9,,,,,,1,,113,35,,,10,,,,,11,,,,1,,,3,,,,,,,,,,,,,,,,,,,1,1,1,,,,,,,,,3,,,,,,,9,1,,66,,,,,,,,,,,,15,,,,,,,32,,,,,,,,,,,,,,,,,,,,,,1,,,,,,1,,,,7,,495,,8,,,,,,,,,,,,32,20,17,0.7819312452,1371,1875,504
2/27/2016,Waipouli,22.060684,-159.318512,11:35:00,13:00:00,3,16,40,,6,,1,,,,1,,,,10,6,1,,,2,,2,,,,26,,,,,,,,,,,8,,,,24,,,,,,,,,,,,449,,,,,,,,7,,,,,,,,,,,,,,,,,,,,,,,,,,,,,,,,,,,,,7,,,,,,3,,4,,,,,,,5,,,,,,,,,,,,,,77,,,,4,,,,,,,,,,,,,,21,,,,,,,8,,,,,,,,35,12,,,,,15,,,,,,,,,24,21,16,0.6086442562,734,1000,266
2/28/2016,Waipouli,22.060684,-159.318512,11:45:00,13:30:00,3,21,43,,4,,26,,,,,,,,6,,4,,,,,,,,,30,,,,,,,,,,,1,,2,,30,,,,,,,,,,,19,503,,1,1,,,,,5,,,,3,,,,,,,,,,,4,,,,,,,,,,,,,,,,,,,,,,3,,,,,,6,,,,,,,,,40,,,,,,,,,,,,,,43,,,,,,,,,,,,,,,,,,6,1,,,,,,19,,,,,,,,6,26,,,,,,,,,,,,,,24,20,14,0.5821575856,789,1075,286
3/8/2016,Barbers Point,21.295799,-158.103699,10:05:00,11:20:00,7,20,37,,49,,,,,1,,,,,,2,,,,,,,,,,27,,,,,,,,,,,,,,,,,,17,,,,,,1,,12,,,,,,,,,2,,,,17,,,,,,,,,,,,,,,2,,,,,,,,,,,,,,,,,,2,,,,,,25,,,,,,,,,,,,,2,,,,,,,,,,338,,,,,,,,,,,,,,,,,,60,,,,3,,,,,,,,,,,12,51,,,,,,,,,,,,,,18,16,10,0.6787817479,623,925,302
3/10/2016,Sand Island,21.3002,-157.882599,10:22:00,11:31:00,7,21,36,,,,,,,,,,,,,,,,,,,,,4,4,21,,,,,,,,,,,,,,,,,,2,,,,,,,,1,2,,,11,,,,,2,,,,,,,,2,,,,,,,6,,,,,,1,,,,,,,,,,,,,,,,2,,1,,,,,,,,2,,,,,,,,,,,,,,,,,,,14,,,,,,,,,,,3,,,,,,,6,,,,1,,,,,1,1,,,,,,406,,,,,,,,,,,,,,21,15,6,0.3187387655,493,900,407
3/10/2016,Waipouli,22.060684,-159.318512,9:00:00,13:00:00,4,11,23,,2,,,,,,,,,,,3,,,,,,,,,3,8,25,,,,,,,1,,,,,,,,,,3,,,4,,,1,,3,,,,,,,,,17,,,,,,,,,,,,,,,,,,,,,,,2,,,,,,,,,,,,,,12,,,,,,93,,,,,,,,,1,,,,,,,,,,,,,,46,,,,,,,,,,,,,,1,,,,3,,,,,,,,,,,,,1,,21,114,,,,,,,,,,,,,,21,16,8,0.8105379469,364,575,211
3/11/2016,Sandy Beach,21.2882,-157.667999,10:15:00,11:30:00,5,13,18,,,,,,,,,,,,18,,,,,,,,,,,,,,,,,,,,,,,,,,18,,,,,,,,,,,32,,,,,,,,,,,,,3,,,,,,,,,,,,,,,,,,,,,,,,,,,,,,,,,,,,,,,15,,,,,,,,,,,,,,,,,,,,,,,4,,,,,,,,,,,,,,,,,,,,,,,,,,,,,,,,,1,132,,,,33,,,,,,,,,,9,8,6,0.690870098,256,450,194
3/14/2016,Waipuilani,20.7537,-156.460907,13:15:00,15:00:00,3,15,30,,56,,,,,,,,,,,,,,,,,,,,,4,,,,,,,,,,,,,,,,,,,,,,,,,,49,242,,,,,,,,,,,,,,,,,,,,,,,,,,,1,,,,,,,,,,,,,,,,,,,,,,,,4,,,,,,,,,,,,,,,,,,,,,,,,,,,,,,,,,,,,,64,,,,,,,,,,,,,,,,,2,1,,132,2,,,,,,,,,,,,,11,9,5,0.7251914806,557,750,193
4/4/2016,Ewa Beach,21.310612,-158.00441,9:00:00,11:00:00,5,12,26,,61,,1,,,,,,,,,,,,,,,,,,,,,,,,,,,,,,,,,,,,,,,,,,,,,1,,,,,,,,,14,,,,8,,,,,,,,1,,,,,,,,,,,1,,,,,,,,,,,,,,23,,,,,,35,,,,,,,,,7,,,,,,,,,,,,,,307,,,,,,,,,,,,,,,,,,9,,,,,,,,,,,,,,,,1,,,,,,,,,,,,,,13,8,8,0.5459971206,469,650,181
4/5/2016,Keiki Ponds,19.638599,-156.002502,10:20:00,11:30:00,8,26,73,,17,2,,,,,,,,,,36,,,,,,,,,2,,,,,,,,,,,,,,,,,,,1,,,,,,31,,51,,,,,,,,,,,,,,,,25,10,,,,,,,,,,,,,,,,,,1,,,,,,,,,,,,4,,,,,,,,,,,,,,,,,,,,,,,,,,,,,,,,,,,,,,,,,,,,,,,,,,3,,,,,,,,,4,19,3,759,3,,,,,,,,,,,,,17,15,8,0.3827046195,971,1825,854
4/5/2016,Ewa Beach,21.310612,-158.00441,8:30:00,10:03:00,7,20,51,,331,,2,,,1,,,,,,,,,,,,3,,,,,,,,,,,,,,,,,,,,,,101,,,,,,,,54,,,,,,,,,22,,,,10,,,1,,,,,1,,,,,,,16,,,,1,,,,,,,,,,,,,,3,,,,,,66,,1,,,,7,,,,,,,,,,5,,,,,,,133,1,,,,,,,,,,,,,,,,,16,,,,,,4,,,,,,,,,,160,,,,,,,,,,,,,,22,16,12,0.8063107557,939,1275,336
4/5/2016,Ewa Beach,21.310612,-158.00441,9:00:00,11:00:00,5,12,29,,49,,,,,5,,,,,3,5,,1,,,,7,,,,,,,,,,,,,,,,,,,,,,13,,,,,,,,12,,,,,,,,,60,,,,7,,,,,,,,4,,,,,,,,,,,1,,,,,,,,,,,,,,10,,,,,,22,,,,,,,,,,,,,,,,2,,,,,,,299,13,,,,,,,,,,,,,,,,,5,,,,,,,,,,,,,,,,48,,,,,,10,,,,,,,,20,18,15,0.7025966184,576,725,149
4/7/2016,Diamond Head,21.25544,-157.810303,9:10:00,11:15:00,7,10,41,,6,,,,,,,,,,2,1,,,,,,,,,,21,,,,,,,,,,,,,,,5,,1,2,,,,,,,,44,1,,,46,,,,,2,4,,,48,,,,,,,,,,,,,,1,,,,,,,,,,,,,,,,,,,,,,,,102,,,1,,,,12,,,5,,,,1,,,2,,,,,,,259,,,,,,,,,,,,,,,,4,,6,2,,,11,,,11,,,,,,,,24,129,,,,,3,,,,,,,4,,30,24,15,0.8243360377,760,1025,265
4/7/2016,Mapulehu,21.066799,-156.804993,9:00:00,10:32:00,4,17,25,,11,,,39,,11,,,,,,,,,,,,,,,,,,,,,,,,,,,,,,,5,,,,,,,,,,1,26,,,,,,,,,,,,,16,,,,1,,,,,,,,,,,13,,,,,,,,,,,,,,,,,,40,,,,,,,,,,,,,,,,,,,,,,,,,,,,,83,,,,,,,,,,,,,,,,,,109,,,,,,,,,,,,,,,,,,,,,5,,,,,,,,,13,11,11,0.8226090994,360,625,265
4/8/2016,Waiopae,19.488199,-154.819305,9:32:00,10:45:00,5,21,23,,,,,,,,,,,,,,,,,,,,,,,315,,,,,,,,,,,,,,,,,,,,,,,1,,,102,3,,,4,,,,,,,,,,,,1,,,,,,,,,,,,,,,,,,,,,,,,,,,,,,,,,,,,,,,,,,27,,,,,,,,,,,,,,,,,,,,,,,,,,,,,,,,,,,1,,,,,,,,,,,,,,,,109,,,,,,,,,,,,,,9,6,4,0.6153549553,563,575,12
4/8/2016,Richardsons,19.734331,-155.014832,9:10:00,11:00:00,6,17,19,,1,,,,,,,,,,,1,,,,4,,,,,,20,28,,,,,,,,,,,,,,83,,,,,,,,,13,,123,1,,,,,,,,,,,,,,,1,,,,,,,,,,,,14,,10,,,,,,,,,,,,,,,,,2,,,,,,,,,,,,,,,2,,,,,,,,,,,,,,,,,,,,,,,,,,,,,,,2,,,,,,11,,,,,,,,2,1,65,,,,,,,,,,,,,,19,14,9,0.8118880548,384,475,91
4/9/2016,Onekahakaha,19.738602,-155.038879,9:47:00,11:10:00,4,15,20,,,,,,,,,,,,1,,,,,,,6,,,,56,,,,,,,,,,,,,,,,,,,,,,,,38,,21,,,,,,,,,,,,,1,,,,2,,3,,,,,,,,1,52,,,,,,,,,,,,,,,,,,1,,,,,,1,,,,,,,,,1,,,,,,,,,,,,,,14,,,,,,,,,,,,,,,,,,,,,,,,,,,,,,,,2,,219,,,,,,,,,,,,,,16,10,7,0.6829886606,419,500,81
4/10/2016,Onekahakaha,19.738602,-155.038879,10:25:00,12:40:00,4,22,35,,24,,9,,,,,,,,77,,6,,,,15,,,,,35,,,,,,,,,,,,,6,,3,,,,,1,,,1,5,,59,16,,,,,,,,,,,,6,,3,5,,,,,,,,,1,,,98,,,,,,,,,,,,,,,,,,6,5,,,,,3,,,,1,,,,,,,,,,,,,2,,,,,,13,,,,,,,,,,,,,,5,,,,9,,,,,,,,,,,,,2,17,,161,7,,,,,,,,,,,,,30,26,21,0.8680865225,601,875,274
4/11/2016,Waipouli,22.060684,-159.318512,11:45:00,13:00:00,5,12,24,,1,,,,,,,,,,,,,,,,,,,,,14,,,,,,,,,,,,,,,13,,,,,,,,,,,2,289,,,,,,,,,,,,1,,,,,,,,,,,,,,,,,,,,,,3,,,,,,,,,,,,,,,,,,,,,,,,,,5,,,,,,,,,,,,,,26,,,,,,,,,,,,,,,,,,,,,,,,,,,,,,,,,,21,,,,,,,,,,,,,,10,8,6,0.3963065954,375,600,225
4/11/2016,Sand Island,21.3002,-157.882599,12:40:00,13:45:00,4,26,29,,,,,,,,,,,,,10,,,,,,,,,,23,,,,,,,,,,,,,,,,,,,,,,,,,,15,38,,,12,,,,,6,,,,1,,,3,,,,,,,,,,,,,,,,,,,,,,,,,,,,,,,,,,,,,,,,,,,,,,,,,,,,,,,,,,,,,,,,,,,,,,,,,,,,,,,,,,,,,,,,,,,15,,364,,,,,,,,,,,,,,10,9,8,0.4307889911,487,725,238
4/11/2016,Fuji,22.065599,-159.317703,11:45:00,13:00:00,5,5,25,,5,,,,,,,,,,,9,,,,20,,,,,,68,,,,,,,,,,,,,1,,2,,,1,,,,,,2,,22,149,1,,,,,,,10,,,,12,,,,,,,,,,,,,,,,,,,,,,,,,,,,,,,,,,,,,,,21,,,,,,,,,15,,,,,,,,,,,,,,108,,,,,,,,,,,,,,,,,,11,,,,,,,,,,,,,1,,8,55,,,,,,,,,,,,,,20,16,14,0.8409493577,521,625,104
4/15/2016,Napili Bay,20.99424,-156.668259,8:00:00,10:00:00,4,22,35,,24,,9,,,,,,,,77,,6,,2,,,,,,,35,,,,,,,,,,,4,,2,,3,,,,,1,,1,,5,,59,16,,,,,,,,,,,6,,,3,5,,,,,,,,,,,,98,,,,,,,,,,,,,,,,,,6,3,,,,,3,,,,1,,,,,,,,,,,,,,,,,,,13,,,,1,,,,,,,,,5,,,,,9,1,,,,,,,,,,16,,2,,,176,7,,,,,,,,,,,,,31,26,18,0.8538924964,599,875,276
4/19/2016,Diamond Head,21.25544,-157.810303,8:40:00,10:00:00,5,14,29,,1,,,,,,1,,,,11,,,,,,,2,,,,,,,2,,,,,,,,,,,,9,,,,,,,,,,1,5,26,,,36,,,,,4,,,,13,,,,,,,,,,,5,,,,,,,,1,,,,,,,,,,,,,,13,,,,,,72,,,9,,,,,,4,,,,,,,1,,,2,,,,174,1,,,,,,,,,,,,,,,,,21,,,,,,,35,,,,,,1,,11,28,,1,,,,,,,,,,,,28,20,15,0.8320771253,490,725,235
4/21/2016,Morris Point,21.1059,-156.746094,8:58:00,9:47:00,4,13,29,,,,,,,,,,,,,,,,,,,,,,,,,,1,,,,,,,,,,,,,,,7,,,1,,,,,41,2,,,,,,,,,,,,,,,,,,,,,,,,,,,,,2,,,,,,5,,,,,,,,,,1,,,,,,,,,,,,,,,3,,,,2,,,,,1,,1,,,13,,,,,,,,,,,,,,2,,,,,2,1,,21,,,,,,,,,,,,372,,,,,,,,,,,,,,18,12,6,0.3846390007,478,725,247
4/28/2016,Waipuilani,20.7537,-156.460907,9:52:00,12:22:00,4,14,39,,,,,,,,,,,,,,,,,,,,,,,,,,,,,,,,,,,,,,,,,,,,,,,31,,397,,,,5,,,,,,,,,,,,,,,,,,,,,,,,,,,,,,,,,,,,,,,,,,,,,,,,,,,,,,,,,,,,,,,,,15,,,,,,,,,,,,,,,,,,,,,,,,,,,,,,,,,,,,,,,,22,,,,,,,,,,,,,,5,5,5,0.2794356485,470,975,505
5/5/2016,Kaupo,19.736111,-155.030838,8:41:00,10:00:00,8,11,64,,42,,38,,,,,,,,,,5,,,,,,,,,,,,,,,,,,,,,,,,,,,2,,,,,,15,,162,,,,,,,,,3,,,,,,12,,,,,,,,,,,,,55,,,,,,,,,,,,,,,,,,,,,,,,,,,,,,,,,,,,,,,,,3,,,,,,27,,,,,,,,,,,,,,1,,,,,,,,,,,,,,71,,,,1,2,382,1,,,,,,,,,,,,,17,14,10,0.7276895128,822,1600,778
5/20/2016,Keei,19.457222,-155.925003,7:40:00,9:15:00,4,30,41,,,,,,,,,,,,55,,,,,,,,,,,102,,,,,,,,,,,,,,,4,,,,,4,,,,,,60,,,,,,,,,,,,,,,2,,,,,,1,,,,,,,,,,,,,,,,,,,,,,,,,,,,,,,4,,,,,,,,,36,,,,,,,,,,,,,,13,,,,,,,,,,,,,,,,,,37,1,,,70,,,,,,,,,,13,109,265,,,,,,,,,,,,,,16,14,10,0.8232191553,776,1025,249
1/26/2017,Mapulehu,21.066799,-156.804993,10:00:00,11:20:00,4,20,20,,20,,,,,,,,57,,,,,,,,,,,,,,,,,,,,,,,,,,,,,,,,,,,,,,,,,,,,,,,,,,,,,,,,,,,,,,,,,,,20,,,,,,,,,,,,,,,,,,,,,,,,35,,,,,,7,,,,,,,,,,,,,,,,,,,,,,,,,,,,,,,,,,,,,,,,,,,,,,,,,,,219,,,,,,24,,,,,,,,7,7,7,0.6325596735,382,500,118
2/12/2017,Diamond Head,21.25544,-157.810303,10:45:00,11:45:00,9,12,47,,2,,,,,,,,,,4,1,,,,,,14,,,,,,,,,,,,,,,,,1,,22,,,,,,,,,,,31,18,,,23,,,,,11,,,,19,,,,,,,,7,,,1,,,,3,,,,9,,,,,,,,,,,,,,1,,,21,,24,33,2,1,,,,41,,,36,,,,1,,,2,,,1,,,,137,,,,,,,,,,,,,,,,15,5,22,4,,,,,,2,,,,4,,,,46,328,,,,,,,,,,,,2,,36,29,20,0.8289179324,894,1175,281
2/22/2017,Nukolii,22.005989,-159.335648,9:10:00,11:33:00,2,8,12,,35,,,,,,,,,,,,,,,,,,,,,40,,,,,,,,,,,,,,,2,,,,,,,,,,,,,,,,,,,,,23,,,,,,,,,,,,,,,,,,,,,,,,,,,,,,,,,,,,,,,,,14,,,,,,,,,,42,,,,,,,,,,,,,,9,,,,,,,,,,,,,,,,8,,,,,1,,,,,,,,,,,,,27,,1,,,,,1,,,,,,,12,9,8,0.8538750427,203,300,97
2/25/2017,Ewa Beach,21.310612,-158.00441,9:55:00,11:30:00,9,14,54,,147,,3,,1,,,,,,2,,,19,,,,7,,,,,,,,,6,3,,,,,,,,,9,4,,25,,,,,,1,,62,10,,,6,,,,8,31,,,2,32,,,,,,,,4,,,,,,,,,,,6,,,,,,,,,,,,,,65,,,11,,,40,,7,,2,,,,,30,,,,,,,1,,,,,,,293,,,,,4,,,,,,,,,,1,,,5,,,,,,,,,,,,,,1,,288,1,,,,,,,,,,,8,,36,30,22,0.8446101933,1145,1350,205
3/4/2017,Waipuilani,20.7537,-156.460907,14:10:00,16:15:00,3,21,43,,192,,,,,,,,,,,,,,,,,,,,,21,,,,,,,,,,,,,,,,,,,,,,,,,,299,,,,,,,,,,,,,,,,,,,,,,,6,,,,,,,,,,,,,,,,,,,,,,,13,,,,,,,,,1,,,,,,2,,,,,,,,1,,,1,,,,,,,,,,,,,,,,,60,,,,,,,,,,,,,,,,,,1,,58,6,,,,,,,,,1,,1,,15,9,8,0.6963860143,663,1075,412
3/8/2017,Ewa Beach,21.310612,-158.00441,9:15:00,11:15:00,6,10,25,,2,,,,,,,,,,1,,,6,,,,6,,,,2,,,,,,,,,,,,,,,2,,,4,,,,,,1,,77,,,,,,,,,,,,,12,,,,,,,,,,,,,,,,,,,1,,,1,,,,,,,,,,,2,,,,,,34,,1,,,,13,,,,,,,,,,,,,,,,,159,,,,,,,,,,,,,,,,,,16,,,,,,,,,,,,,,,,51,,,,72,,,,,,,,,,20,15,10,0.8112909409,463,625,162
3/9/2017,Ewa Beach,21.310612,-158.00441,9:30:00,11:30:00,7,14,17,,15,,,,,,21,,,,,6,,2,,,,20,,,,,,,,,,,,,,,,,,,,,,10,,,,,,,,,16,,,,,,,,13,,,,9,,,,,,,,2,,,,,,,,,,,8,,,,,,,,,,,,,,2,,,,,,3,,5,,,,,,,18,,,,,,,3,,,2,,,,79,,,,,,,,,,,,,1,,,,,,,,,,,,1,,,,,,,,3,65,,,,,,,,,4,13,,,,24,22,14,0.8783489097,321,425,104
3/10/2017,Kapukahehu Kaluakoʻi,21.1408,-157.290115,10:30:00,11:13:00,6,10,22,,,,,,,,,,,,,2,,,,,,,,,,,,,,,,,,,,,,,,,,,,,,,,,,,,16,,,,,,,,,,,,,,,,,,,,,4,,,,,,,,,,,,,,,,,,,,,,,,,,,,,,,,,8,,,,,,,,,,,,,,,,,,,,,35,,,,,,,,,,,,,,,,,,4,,,,,,,,,,,,,,,,46,,5,,,,,,,,,,,,8,8,5,0.7477591036,120,550,430
3/10/2017,Diamond Head,21.25544,-157.810303,10:00:00,11:00:00,6,5,24,,,,,,,,,,,,,,,,,,,,,,,,,,,,,,,,,,,,,,,,,,,,,,,,,,,,,,,,,,,,,5,7,,,,,,,,,,,,,,,,,,,4,,,,,,,,,,2,,,,,,,5,,17,1,,,,,,2,,,,,,,,,,,,,,,,,273,,,,,,,,,,,,,,,,,,3,,,,,,,3,,,,,,,,63,119,,,,,,,,,,,,,,13,12,7,0.634786519,504,600,96
3/10/2017,Barbers Point,21.295799,-158.103699,9:15:00,10:45:00,7,10,26,,19,1,,,,,,,,,3,,1,2,,,,1,,,,,,,,,,,1,,,,,,,,,1,,4,,,1,,,,,10,2,,,30,,,,,12,,,,23,,,,,,,,,,,,,,,,,,,27,,,,,,,,,,,4,,,7,,,,,,23,,,,,,22,,,,,,,1,,,7,,,,,,,166,3,,,,,,,,,,,,,,,,,43,,,,9,,,9,,,,,,,,4,42,,,,,,,,,,,,,,29,22,15,0.8473373508,478,650,172
3/12/2017,Onekahakaha,19.738602,-155.038879,9:35:00,10:24:00,6,12,32,,1,,,,,,,,,,1,,,,,5,,,,,,1,,,,,,,,,,,,,,,,,,,,,,,,2,,26,,,,,3,,,,,2,,,,,,12,,,,,8,,,,,,,62,,,,,,,,,,,,,,,,,,25,,2,,,,,,,,,,,,,,,,,,,,,,,,,,,5,,,,,,2,,13,,,,,,,,,,,,,,,,,,,,,26,,,,,350,3,,,,,,,,,,,,,19,16,10,0.5737571962,549,800,251
3/16/2017,Holoholokai,19.957188,-155.859497,11:32:00,13:15:00,3,10,30,,,,,,,,,,,,133,,,,,,,,,,5,7,3,,,,,,,,,,,,,,,,,,,,20,,,,,64,,,,,,,,,,,,5,,,,44,7,,,,,,,3,,,,,,,,,,9,,,,,,,,,,,,,1,,,,,,,,,,,4,,,,,,,,2,,,,,,,,,27,,,,,,,,,,,,,1,,,,,6,,,,,,,,,,,,,,,7,310,,,,,,,,,,,,,,19,17,13,0.7209245303,658,750,92
3/29/2017,Ewa Beach,21.310612,-158.00441,9:15:00,11:15:00,6,10,26,,8,,,,,,,,,,,,,,,,,14,,,,,,,,,,,,,,,,,,,,,,,,,,,,,,2,,,,,,,,,16,,,,42,,,,,,,,,,,,,,,,,,,,,,,,,,,,,,,,,40,,,,,,40,,,,,,2,,,,,,,,,,,,,,,,,231,,,,,,,,,,,,,,,,,,20,,,,,,,,,,,,,,,,47,,,,,,,,,,,,,,11,11,9,0.7136096008,462,650,188
4/1/2017,Napili Bay,20.99424,-156.668259,11:18:00,12:06:00,3,25,20,,,,,,,,,,,,12,,,,,,,,,,,30,,,,,,,,,,,,,,,,,,,,,,,,1,,51,,,,5,,,,,,,,,,,,9,1,,,,,,,12,,,,,,,,,,,,,,,,,,,,,,,22,,,,,,,,2,,,,,,,,,,,,,,7,,,,,,,,,,,,,,,,,,11,,,,,,,2,,,,,,,,,,,,,,,24,,,,,,1,,,,,,,,15,12,10,0.8622667781,190,500,310
4/2/2017,Old Airport,19.643276,-156.010193,11:41:00,12:36:00,3,40,28,,,,1,,,,,,,,,,2,,,,,,,,,126,,,,,,,,,,,,,,,,,,,,,,,,,,1,,,,,,,,,,,,,2,,,2,,,,,,,,,,,7,,,,,,,,,,,,,,,,,,,,,,,,,,,,,,,,,,,,,,,,,,,,,,,,3,,,,,,,,,,,,,,,,,,,,,,6,,,,,,,12,,,,156,283,,,,,,,,,,,,,,12,10,6,0.6673544093,601,700,99
4/6/2017,Diamond Head,21.25544,-157.810303,0:00:00,1:00:00,6,11,55,,4,,,,,,,,,,3,,2,,5,,,,,,,,,,,,,,,,,,,,,,,,,,,,1,,,,,4,,,,,,,,,,54,,,49,,1,,,,,,,,,,,,,,,,,21,,,,,,,,,,,,,,,,,,,,120,,,,,,,1,,,,,,,,,,2,,,,,,319,,,,,,,,,,,,,,,,,,187,2,,,,,,,,,,,,,,,74,,7,,,,,,,,,1,27,,20,16,10,0.7920243104,884,1375,491
4/9/2017,Fuji,22.065599,-159.317703,8:51:00,9:51:00,4,15,25,,1,,,,,,,,,,6,,1,,,,,,,,,,,,,,,,,,,,,,,,1,,,,,,,,,,,,70,,,,,,,,10,,,,,,,,,,,,,,,,,,,,,,,,,,,,,,,,,,,,,,,,,,,28,1,,,,,6,,,,,,,,,,,,,,,,,140,,,,,,,,,,,,,,,,,,6,,,,,,,17,,,,,,,,30,108,,,,,,,,53,,,,,,15,11,11,0.8215836425,478,625,147
4/10/2017,Sand Island,21.3002,-157.882599,9:20:00,10:10:00,7,20,33,,,,,,,,1,,,,17,2,,,,,,2,,,,,,,,,,,,,,,,,,,,,,,,,,,,,,20,,,,,,,,,3,,,,1,,,2,,,,,,,,,,,,,,,,,,,,,,,,,,,,,,1,15,,,,,,,2,,,,,,,,,,,,,,4,,,,,1,,10,,,,,,,,,,,,,,,,,,,,,,,,,56,,,,,,,,,365,,,,,,,,,,,,,,16,12,6,0.4555987626,502,825,323
4/11/2017,Fuji,22.065599,-159.317703,9:30:00,10:39:00,6,15,33,,,,,,,,1,,,,5,,,,,,,,,,,,1,,,,,,,2,,,13,,1,,4,,,,,,,,,,,3,62,,,,,,,7,36,,,,1,,,,,,,,,,,,,,,,,,,1,,,2,,,,,,,,,,,,,,22,,14,5,,,,,,11,,,1,,,,1,,,,,,,,,,159,,,,,,,,,,,,3,,,,,,2,,,,18,,,20,,,,,,,,,159,,,,,,,,1,,,,,,27,19,13,0.8146355742,555,825,270
4/11/2017,Waipouli,22.060684,-159.318512,9:42:00,10:35:00,6,14,37,,,,1,,,,,,,3,,,,,,,,,,,,,,,,,,,,,1,,,,,,1,,,,,,,,,,,,139,,,,,,,,10,,,,,,,,,,,,,,,,,,,,,,,,,,,,,,1,,,,,,,,,,,,,1,,,,,,154,,,8,,,,,,,,,,,,,,181,,,,,,,,,,,,,,,,,,6,2,,,28,,,4,,,,,,,,21,72,,1,,,,,,,,,,,,18,12,9,0.796153712,634,925,291
4/12/2017,Waipouli,22.060684,-159.318512,8:40:00,10:35:00,6,13,28,,,,,,,,,,,,,,,,,,,,,,,,1,,,,,,,,,,,,5,,,,,,,,,,,,,,215,,,,,,,,5,,,,,,,,,,,,,,,,,,,,,,,,,,,,,,,,,,1,,,,,,,,,77,,,,,,,,,10,,,,,,,,,,,,,,144,,,,,,,,,,,,,,,,,,,,,,,,,,,,,,,,,5,47,,,,,,,,,,,,,,10,8,8,0.7119842829,510,700,190
4/12/2017,Sandy Beach West,21.2843,-157.675293,9:33:00,10:35:00,7,25,23,,,,,,,,,,,,5,1,6,,,11,,,,,,,,,,,,,,,,,,,,,,,,,,,,,,2,,22,,,,,,,,,,,,,2,,,,,,,,24,,,,,,,,,,,,,,,,,,,,,,,,,,,,,,,,,,,,,,,,,,,,,,,,,,,,,,18,1,,,,,,,,,,,,,,,,,4,,,,16,,,,,,,,,,,3,157,,3,,,,,,,,,,,,15,13,8,0.6517584605,275,575,300
4/13/2017,Hilo Yacht Club,19.737894,-155.034058,9:40:00,11:29:00,4,60,27,,,,,,,,,,,,,27,,,2,,,1,,,,,,,,,,,,,,,,,,,,,,,,,,,,11,,31,21,,,3,,,,,,,,,,,,,,,,,1,,,,,,,5,,,,,,,,,,,,,,,,,,,,,,,,,,,,,,,,,,,,,,,,,18,,,,,,,,,,,,,,,,,,,,,,,,7,,,,2,,,,,,,,,,,,230,,3,,35,,,,,,,,,,15,13,9,0.6412105946,397,675,278
4/13/2017,Keiki Bay,21.7057,-157.995697,10:30:00,11:30:00,9,16,40,,,,,,,,,,,,,,,,,,,1,,,,,1,,,,,,,1,,,,,,,,,,,,,,,,,,4,2,,,,,,,,1,,,,,,,8,3,,,,,,,,,,,,,,,7,,,,,,,,,,,,,,,,,,,,9,,,,,,,,,6,,,,2,,,,,,,,,,344,,,,,,,,,,,,,,,,,,2,,,,,,2,,,,,,,,,25,133,,,,,,,,,3,,,,,18,14,7,0.5548403523,554,1000,446
4/19/2017,Ewa Beach,21.310612,-158.00441,9:15:00,11:15:00,6,6,24,,9,,,,,,,,,,,,,2,,,,8,,,,,,,,,,,,,,2,,,,,1,,,,,,,,,,,2,,,,,,,,,3,,,,95,,,,,,,,,,,,,,,,,,,,,,,,,,,,,,,,,4,,,,,,30,,,,,,1,,,,,,,,,,3,,,,,,,288,,,,,,,,,,,,,,1,,,,,,,,1,,,33,,,,,,,,,20,,,,1,,,,,,,,,,18,13,7,0.6290116444,504,600,96
4/19/2017,Mahaulepu,21.888725,-159.416412,8:30:00,12:00:00,5,18,19,,,,,,,,,,,,26,,,,,,,1,,,,,5,,,,,,,,,,,,,,,,,,,,12,,,,,,,,2,,,,,,4,,,,28,,,,,,,,,,,,,,,,,,,1,,,,,,,,,,,,,,,,,,,,,,,,,,30,,,45,,,,,,,,,,,,,,73,,,,,,,,,,,,,,,,,,,,,,,,,7,,,,,,,,,150,,,,,,,,,,,,,,13,11,9,0.7819435379,384,475,91
4/25/2017,Ewa Beach,21.310612,-158.00441,9:30:00,11:00:00,7,10,34,,14,,,,,,,,,,1,14,,7,,,,1,,,,2,11,,,,,,1,,,,,,,,3,,,,,,,,,,,1,,,,,,,,,60,,,,53,,,,,,,,,,,,,,,,,,4,,,,,,,2,,,,,,,,12,,,,,,22,,2,,,,,,,9,,,,,,,,,,,,,,293,28,,,,14,,,,,,,,,,,,,10,,,,,,,,,,,,,,,,87,,,,1,,,,,,,,,,24,19,14,0.7607079246,652,850,198
4/25/2017,Maili Beach,21.4104,-158.177704,9:20:00,11:30:00,6,20,23,,104,,,,,,,,,,,1,,,,,,,,,,,,,,,,,,,,,,,,,,,,,,,,,,,,,,,,,,3,,,,,,,42,,,2,,,,,,,,96,,,6,5,,,,,,,,,,,,,,,,,,12,,,3,,1,33,,,,,,5,,,,,,,,,,,,,,,,,,13,,,,,,,,,,,,,55,1,,,,,,,,,,,,,,,,,,1,160,,,,,,,,,1,,,2,,20,15,11,0.827287697,546,575,29
4/25/2017,Hulopo'e Bay,20.738001,-156.895004,9:45:00,11:15:00,5,20,20,,7,3,,,,,,,,,19,,1,,,,10,,,,,7,,,,,,,,,,,,,6,,,,,5,,,,,,,,35,,,,,,,,,2,2,,3,10,,,20,,,,,,,,,,,,,1,,,,,,,,,,15,,3,,,,,5,,,5,,,,,,5,,,,,,,2,,,,,,,23,,,,,,21,,,,,,,,,,,,,,,,4,,18,,,,1,,,,,,,,,,,1,55,,,,,,,,,,,,,,28,24,17,0.9190936178,289,500,211
4/26/2017,Mahaulepu,21.888725,-159.416412,9:00:00,13:30:00,5,10,23,,,,,,,,,,,,78,1,,,,,1,5,,,,,,,,,,,,,,,,,,,4,,,,,,5,,,,,28,,,1,,,,,,10,,,,6,,,,,,,,,,,,,,,,,,,9,,,,,,,,,,,,,,5,,,,,,27,,,,,,33,,,52,,,,,,,,,,,,,,50,,,,,,,,,,,,,,,,,,9,,,,,,,1,,,,,,,,,112,,,,,,,,,,,,,,19,15,14,0.8614930825,437,575,138
4/26/2017,Old Airport,19.643276,-156.010193,9:15:00,11:00:00,7,21,75,,,,1,,,,,,,,,,,,,1,,,,,,12,,,,,,,,,,,,,,,,,,,,,,,,,,25,,,,,1,,,,,,,,,,,16,,,,,,,,,,,,,,,,,,,,,,,,,,,,,,,,,,,,,,,,,,,,,,,,,,,,,,,,,,,11,,,,,,,,,,,,,,,,3,,,,,,1,,,,,,,5,,,,680,920,,,,,,,,,1,,,,,13,8,7,0.5345179695,1677,1875,198
4/26/2017,Onekahakaha,19.738602,-155.038879,9:35:00,10:55:00,5,22,28,,,,,,,,,,,,,,,,,,,,,,,,,,,,,,,,,,,,,,,,,,,,,,,12,,222,,,,,,,,,,,,,,,,5,,,,,,,,,,,,2,,,,,,,,,,,,,,,,,,,,,,,,,,,,,,,,,,,,,,,,,,,,,,,4,,,,,,1,,,,,,,,,,,,,,,,,,,,,,,,,,,,377,5,,,,,,,,,,,,,8,7,5,0.5149280265,628,700,72
4/26/2017,Sand Island,21.3002,-157.882599,9:40:00,10:45:00,7,16,28,,,,,,,,,,,,2,,,,,,,,,,,39,,,,,,,,,,,,,,,,,,,,,,,,,,28,,,,,,,,,,2,,,,,,15,7,,,,,,,,,,,,,,,,,,,,,,,,,,,,,,,1,,,,,,4,,,,2,,,,,,,,,,2,,,,,,,17,,,,,,,,,,,,,,,,,,,,,,,,,5,,,,,,,,,285,,,,,,,,,,,,,,13,12,7,0.4981662592,409,700,291
4/27/2017,Onekahakaha,19.738602,-155.038879,8:40:00,11:00:00,3,10,8,,,,,,,,,,,,,,,,,,,,,,,,,,,,,,,,,,,,,,,,,,,,,,,3,,3,,,,,,,,,,,,,,,,3,,,,,,,,,,,,6,,,,,,,,,,,,,,,,,,,,,,,,5,,,,,4,,,,,,,,,,,,,,,,,,,,,,,,,,,,,,5,,,,,,10,,,,,,,,,,,,,,,,60,,,,15,,,,,,,,,,10,10,6,0.6941468716,114,200,86
4/27/2017,Diamond Head,21.25544,-157.810303,9:05:00,10:10:00,7,12,31,,,,,,,,,,,,,,,,1,,,,,,,,,,,,,,,,,,,,15,,,,,,,,,,,,,,,,,,,,,,5,,,,6,,,,,,,,,,,,,,,,,,,,,,,,,,,,,,,,,9,,,,,,,,,,,,27,,,,,,,,,,,,,,,,,252,,,,,,,,,,,,,,,,,,26,,,2,,,,,,,,,,,,53,178,,,,,,,,,,,,,,11,10,9,0.698390402,574,775,201
4/28/2017,Hulopo'e Bay,20.738001,-156.895004,11:18:00,11:58:00,2,25,11,,,,,,,,,,,,,,,,,,,,,,,,,,,,,,,,,,,,,,,,,,,,,,,,,60,,,,,,,,,,,,,,,,,,,,,7,,,,,,,,,,,,,1,,,,,,,,,,,,,,,,,,,,,,,,,,,,,,,,,,,,,,,,,8,,,,,,,,,,,,,,,,,,,,,,,,,,,,,2,,,,,73,,16,,,,,,,,,,,,7,6,5,0.670442248,167,275,108
5/5/2017,Ewa Beach,21.310612,-158.00441,9:15:00,11:00:00,6,12,25,,2,,,,,,,,,,2,4,,4,,,,1,,,,,,,,,,,,,,,,,,,1,,,1,1,,,,,,,30,,,,,,3,,,2,,,,54,,,,,,,,,,,,,,,,,,,5,,,,,,,,,,,,,,3,,,,,,27,,5,,,,,,,1,,,,,,,,,,,,,,305,,,,,,,,,,,,,,,,,,,,,,,,,24,,,,,1,,,,40,,,,,,,,,,,,,,21,15,8,0.6261458569,516,625,109
5/5/2017,Oneo Bay,19.637501,-155.993896,12:15:00,12:15:00,5,25,44,,,6,,,,,,,,,,,,,,,,,,,,61,,,,,,,,,,,51,,,,3,,,,,,,,,,,11,,,,,12,,,,,,,,,,,24,7,,,,,,,,,,,,,,,6,,,,,,,,,,,,,,,,,,,,,,,,,,,,,,,,,,,,,,,,,,,10,,,,,,,,,,,,,,5,,5,,35,,,,,,,,,,,,,,,,495,,,,55,,,1,,,4,,,,17,16,14,0.5904175135,791,1100,309
5/10/2017,Waipuilani,20.7537,-156.460907,9:30:00,11:10:00,4,15,24,,170,,,,,,,,,,,,,,,,,,,,,,,,,,,,,,,,,,,,,,,,,,,,,,,148,,,,,,,,,,,,,,,,,,,,,,,,,,,,,,,,,,1,,,,,,,,,,,3,4,,,,,,,,1,,,,,,,,,,,,,,,,,,,,,,,,,,,,,,,,,4,,,,,,,,,,,,,,,,,,,,,,17,,,,1,,,,,,,,,,9,6,3,0.5818265652,349,600,251
5/11/2017,Salt Pond,21.900562,-159.609818,8:50:00,9:55:00,6,15,25,,,,,,,,,,,,2,1,,,,,,,,,,,,,,,,,,,,,,,,,,,,,,,,,,,,1,,,,,,,,,16,38,,,,,,,,,,,,,,5,,,,,,,,,,,,,,,,,,,,1,,,,,3,,,,2,,,,,2,,,,,,,,,,,,,,,,,69,,,,,,,,,,,,,,,,,,2,1,,,,,,,,,,,,,,,112,,1,,,,,,,,,,,,15,10,5,0.7119485294,256,625,369
5/11/2017,Ewa Beach,21.310612,-158.00441,9:15:00,11:00:00,6,11,24,,35,,,,,,,,,,10,,,5,,,,9,,,,,1,,,,,,,,,,,,,,5,,,5,,,,,,,,1,,,1,1,,,,,11,,,,2,,,,,,,,,,,1,,,,7,,,,,,,,,,,,,,,,,,12,,,,,,32,,4,,,,,,,6,,,,,,,4,,,,,,,122,,,,,,,,,,,,,,9,,,,13,,,,,,1,10,,,,,,,,,32,,,,6,,,,,,,,,35,27,21,18,0.8608804333,380,600,220
5/12/2017,Sand Island,21.3002,-157.882599,11:00:00,12:15:00,4,20,32,,,2,,,,,,,,,,,,,,,,1,,,,6,,,,,,,,,,,,,,,,,,,,,,,,,,45,16,,,7,,,,,,,,,,,,2,,,,,,,,,,,,,,,,,,,,,,,,,,,,,,,,,,,,,,,,,,6,,,,,,,,,,17,,,,,,,2,,,,,,,,,,,,,,,,,,,,,,,,,,,,1,,,,,4,455,,,,,,,,,,,,,,13,11,7,0.3412254513,564,800,236
5/24/2017,Waiopae,19.488199,-154.819305,9:15:00,11:15:00,5,20,25,,,,,,,,,,,,,,,,3,,,1,,,,22,,,,,,,,,,,,,,,,,,,,,,,,,,22,3,,,,,,,,,,,,,,,3,,,,,,,,,,,,,,,,,,,,,,,,,,,,,,,,,,,,,,,,,,,,,,,,,,,,,,,,,,,,2,,,,,2,,4,,,,,,,,,,,,,,1,,,1,,,,15,,,,,514,,,,,,,,,,,,,,13,10,4,0.2455619616,593,625,32
6/22/2017,Sandy Beach,21.2882,-157.667999,7:40:00,9:30:00,3,20,26,,,,,1,,,1,,,,111,,,,,,3,,,,,4,,,,,,,,,,10,,,,,1,,3,,9,,,,,16,,7,18,,,4,,,,,,,,,22,,,1,,,,,4,,,42,3,,,,,,3,,,2,,,,,,,,,,2,,1,,,,,,8,3,3,,,,,,,27,,,,,,,,,,,,,,1,3,,1,,,,,,,,,52,,,,,,,,,1,3,,,,,,,7,,,,3,218,,,,,1,,,,,,6,,,37,28,14,0.8193147611,605,650,45
6/24/2017,Barbers Point,21.295799,-158.103699,8:20:00,11:00:00,4,24,27,,6,,,,,,3,,,,27,,,1,,,,8,,,,10,,,,,,,,,,3,,,,7,42,3,5,2,,,2,,,,,7,4,,,6,,,,,8,10,3,4,34,,,,,,,,,,,,,,,,,,6,29,,,,,,,,1,,,4,6,,20,,,1,6,28,105,,2,,5,,1,,,2,,,,,,,3,,,,,,,61,23,4,,,,,,,,2,,,,,,,9,38,,,1,21,,,9,,,,3,,,,2,18,,,,,7,,,,,,,,,49,44,28,0.9369938919,612,675,63
6/25/2017,Maili Beach,21.4104,-158.177704,9:00:00,11:00:00,3,33,26,,159,,,,,,,,,,5,,7,,,,,,,,,1,,,,,,,,,,2,,1,,,5,,,,,,,,,2,,8,7,,,6,,,,,,,,,42,,,2,1,,,,,,10,64,11,,6,29,,1,,,,,,,,,,1,,,,1,8,30,,,,,,34,,,,,,,,,,,,,,,,,,,,,,,,1,1,,,,,,,,,,25,,150,,,,,,,,,,,,,,1,,,,,,13,2,,,,,,,,,,,,,32,23,19,0.8581439113,636,650,14
2/3/2018,Diamond Head,21.25544,-157.810303,11:45:00,13:30:00,3,13,35,,11,,,,,,,,,,,,,1,1,,,4,,,,,,,,,,,,,,,,,,,,,,3,,,,,,,,29,,,,8,,,,,6,,,10,6,,,,,,,,,,,,,,,,,,,4,,,,,,,,,,,,,,1,,,,,,58,,,,,,28,,,9,,,,,1,,3,,,,,,,145,,,,4,,,,,,,,,,,,,,47,2,,,,,,5,,,,,,,,84,139,,,,,,,,,,,,,1,25,20,14,0.8532181216,610,875,265
2/17/2018,Ewa Beach,21.310612,-158.00441,11:58:00,13:39:00,3,11,29,,7,,,,,,,,,,1,,,19,,,,13,,,,7,,,,,2,4,,,,,,,,,5,2,,1,,,,,,,,30,,,,6,,,,4,10,8,7,13,36,,,,,,,,,,,,,,,,,,5,2,3,,1,,,,,,,,5,,,1,,,,,2,7,,6,,,,,,,18,,,,,,,4,,,,,,,161,,,,,8,,,,,,,,,,,,,,,,,,,,,,,,,,,,,154,,,,1,,,,,,,,,,33,28,20,0.8265324842,553,725,172
3/1/2018,Barbers Point,21.295799,-158.103699,9:00:00,10:50:00,10,10,39,,4,,,,,,4,,12,,10,20,,5,,,,10,,,,,6,,,,,,,,,,,,,,,8,8,6,,,,,,,,14,27,,,40,,,,,44,,,,25,,,,,,,,,,,,,,,,,,,31,,1,,,,,,,,,3,,,1,,,,,,23,1,1,1,,,5,,,4,,,,,,,40,,,,,,,272,,,,,,,,,,,,,,,,,,15,,,,3,,,15,,,,,,,,,75,,,,,,,,,,,,,1,33,27,22,0.8358338431,735,975,240
3/1/2018,Mapulehu,21.066799,-156.804993,9:30:00,10:32:00,4,9,28,,,,,,,,,,7,,,,,,,,,,,,,,,,,,,,,,,,,,,,15,,,,,,,,,,,70,,,,,,,,,,,,,1,,,,,,,,,,,,,,,5,,,,,,,,,,,,,,,,,,,,,,,,25,,,,,,,,,,,,,,,,,,,,,,,101,,,,,,,,,,,,,,,,,,4,,,,11,,1,,,,,,,,,,6,,,,,,,,,,,,,,11,9,8,0.7352911896,246,700,454
3/4/2018,Onekahakaha,19.738602,-155.038879,10:15:00,12:45:00,3,21,25,,,,,,,,,,,,,,,,,,,,,,,,,,,1,,,,,,,,,,,,,,,,,,,,2,,79,,,,,,,,,2,,,,,,,9,2,2,1,,,1,,,,,,8,,,,,,,,,,,,,,,,,,,,,,,,,,,,,,,,,,,6,,,,,,,,2,,,,,,,,,,1,,,5,,,,,,,,,,,,,,1,,,,,,65,,,,,236,,,,,,,,,,,,,,17,12,7,0.6304325905,423,625,202
4/17/2018,Ewa Beach,21.310612,-158.00441,9:15:00,10:40:00,9,8,30,,,,,,,,2,,,,22,,,6,,,,7,,,,,,,,,,,,,,,,,,,,2,,24,,,,,,,,27,,,,,,,,,9,,,,10,,,,,,,,,,,19,,,,,,,,1,,,,,,,,,,,,,,,,,,,,7,,1,,,,,,,21,,,,1,,,5,,,,,,,306,,,,,,,,,,,,,,,,,,11,,,,,,,1,,,,,,,,,90,,,,4,,,,,,,,,,21,17,14,0.6852657005,576,750,174
4/22/2018,Onekahakaha,19.738602,-155.038879,13:18:00,15:30:00,3,18,23,,,,,,,,,,,,,,,,,,,,,,,,,,,,,,,,,,,,,,,,,,,,,,,10,,1,,,,,,,,,,,,,,,,11,13,,,,,,,,,,,,,,,,,,2,,,,,,,,,,,,,,,,,,,,,,,,,,,,,,,,,,,,,,,,,,,,,,,,,,,,,,,,,,,,,,,,,,,,,24,,1,,,363,,,,,,,,,,,,,,8,6,5,0.26572697,425,575,150
4/24/2018,Ewa Beach,21.310612,-158.00441,9:00:00,10:40:00,6,8,20,,1,,,,,,,,,,4,1,,3,,,,2,,,,,,,,,,,,,,,,,,,,,,13,,,,,,,,,,,,,,,,,13,,,,35,,,,,,,,,,,,,,,1,,,,2,,,,,,,,,,,,,,4,,,,,,2,,1,,,,,,,5,,,,,,,3,,,,,,25,208,,,,,,,,,,,,4,1,,,,,28,,,,22,,,,,,,,,,,3,11,,,,,,,,,,,,,9,24,19,10,0.7092394015,401,500,99
4/24/2018,Diamond Head,21.25544,-157.810303,9:15:00,9:50:00,7,12,25,,,,,,,,,,,,,,,4,,,,2,,,,,,,,,,,,,1,,,,,,3,,,1,3,,,,,,,4,,,,46,,,,,2,,,,11,,,,,1,,,,,,,,,,,,,,,,,,,,,,,,,,,,,,,,,,5,,,,,,5,,,,,,,,,,,,,,,,,315,,,,,,,,,,,,,,,,,,5,,,,5,,,,,,,,,,,34,23,,,,4,,,,,2,,,,2,21,18,9,0.548897836,478,625,147
4/25/2018,Old Airport,19.643276,-156.010193,7:35:00,8:15:00,5,21,50,,,7,,,,,,,,,,,,,,,,,,,,371,,,,,,,,,,,,,,,,,,,,,,,,,,8,,,,,,,,,,,,,,,,23,7,,,,,,,,,,,,,,,,,,,,,,,,,,,,,,,,,,,,,,,,,,,,,,,,,,1,,,,,,,,,,,,,,,,,,,,,,,,,,,,,,12,,,,,,,7,,,,1,398,6,,,,,,,,,,,,,11,9,9,0.5808193194,841,1250,409
4/26/2018,Kapukahehu Kaluakoʻi,21.1408,-157.290115,9:30:00,10:10:00,5,9.5,23,,,4,,,,,,,,,,,,,,,,,,,,,,,,,,,,,,,,,,,,,,8,,,,,,,,,,,,,,,,,,,,,9,,,,,,,,,,,,,,,,,,,24,,,,,,,,,,,,,,,,,,,,4,,10,,,,,,,,,,,,,,,,,,,,,34,,,,,,,,,,,,,,,,,,,,,6,,,,,,,,,,,10,,128,,,,,,,,,,,,,,10,10,8,0.6729600229,237,575,338
5/10/2018,Diamond Head,21.25544,-157.810303,8:40:00,9:40:00,5,16,25,,,1,,,,,,,,,,,,,,,,,,,,,,,,,,,,,,,,,,,6,,,,,,,,,,,,5,,,8,,,,,,,,,13,,,,,,,,,,,,,,,,,,,,,,,,,,,,,,,,,6,,,,,,8,,,3,,,,,,2,,,,,,,,,,7,,,,208,,,,,,,,,,,,,,,,1,,51,,,,,,,,,,,,,,,38,51,,,,,,,,,,,,,,15,13,11,0.6991376403,408,625,217
5/11/2018,Diamond Head,21.25544,-157.810303,9:00:00,9:50:00,5,16,26,,3,,,,,,,,,,6,,,,,,,6,,1,,,,,,,,,,1,,,,,,,,,,,,,,,,1,,29,,,,12,,,,,1,,,,3,,,,,,,,,,,,,,,,,,,,,,,,,,,,,,,2,,,,,,2,,11,,3,,,,1,,,,,,,,,,2,,,3,,,,143,,,,,,,,,,,,,,,,2,,51,,,,,,,,,,,,,,,42,121,,,,3,,,,8,,,,,,24,19,10,0.8065856655,457,650,193
5/14/2018,Sand Island,21.3002,-157.882599,9:11:00,10:04:00,6,26,25,,,,,,,,,,,,,,,,,,,,,,,,,,,,,,,,,,,,,,,,,1,,,1,,1,,1,10,,,,8,,,,,2,,,,,,,,,1,,,,,,,,,,,,,,,,,,,,,,,,,,,,,,,,,,,,,,,,,,,,,,,,,,3,,,,,,,2,,,,,,,,,,,,,,1,,,,,,,,,,,,,,,,,,,,508,,,,,,,,,,,,,,12,6,3,0.1112827693,539,625,86
5/16/2018,Waipouli,22.060684,-159.318512,9:45:00,10:56:00,10,7,69,,,,,,,,1,,,,3,1,11,,,,,1,,,,52,1,,,,,,2,,,,,,,,3,,,5,,,,,,15,,,21,,,,,,7,,43,4,,,4,,,,7,,3,,,,,2,,,,,,,,5,,,,,,,,,,,1,,,2,,,,,,16,,,,,,71,,,37,,,,,3,,,,,,,,,193,,,,,,,,,,,,1,,,,,,6,,,,19,,,,,,,,,,,26,649,,,,,,,5,,,,,1,4,35,28,18,0.6861544618,1225,1725,500
5/18/2018,Diamond Head,21.25544,-157.810303,10:15:00,11:13:00,5,10,25,,5,,,,,,,,,,,,,,,,,18,,,1,,,,1,,,,,,,,,,1,,,1,,,,,,,,,1,8,,,,14,,,,,,3,1,,,,,,,,,,,1,,1,,,,,,,,1,,,,,,,,,,,8,,,2,,,,,,,,,,,,7,,,5,,,,1,,,1,,,,,,,156,,,,,,,,,,,,,,2,,,,1,,,,,,,,,,,5,,,,,320,,,,,,,,,,,,,,25,13,10,0.6015439654,565,625,60
5/18/2018,Hilo Yacht Club,19.737894,-155.034058,9:20:00,10:00:00,7,20,46,,,6,,,,,,,,,,,,,15,49,,,,,5,,,,1,,,,,,,,,,,,11,,,,,,,,,6,4,80,,,,,,,,,,,,,,,,31,1,,,,,,,,,,,,,,,,,6,,,,,,,,,,,,,8,,,,,,,,,,,,,,,,,,,,,,52,,,,,1,,,,,,,,,,,,,,,25,,,,,2,,,,,,,,,,31,,,3,,485,32,,,25,,,67,,,,,4,1,25,21,17,0.7176866456,951,1150,199
7/30/2018,Sandy Beach,21.2882,-157.667999,9:22:00,10:45:00,6,17,21,,2,2,,,,,,,,,,1,,,,,,,,,,,,,,,,,,,,,,,,,,,,,,,1,,,2,1,12,3,,,,,,,,,,,,,3,,2,,,,,,,,,,,,,,,,,,,,,,,,,,,,,,1,,,,,,2,,2,,,,,,,,,,,2,,,,,,,,,,1,,,,,,,,,,,,,,,,4,,1,,,,,,,,,,,6,,1,,11,99,,,,1,,,,,,,,,7,23,15,5,0.6373277541,167,525,358
1/20/2019,Diamond Head,21.25544,-157.8103,9:45:00,10:45:00,6,10,52,,3,,3,,,,,,,,,,,,1,,,6,,,,,,,,,,,,,,,,,,,,,,,,,,,,,,17,,,,15,,,,,1,,,,3,,4,,,,,,,,,,,,,,,,,4,,,,,,,,,,1,,,,6,,,,,,30,3,,2,,,53,,,1,,,,,1,,,,,,,,,201,,,,,,,,,,,,,,,,,,192,3,,,,,1,4,,,,3,,,,145,273,,,,,,,,,,,,1,,27,20,10,0.8151647734,977,1300,323
2/21/2019,Mokauea Island,21.311893,-157.895142,11:00:00,11:46:00,5,10,25,,,,,,,,,,,,,,,,,,,1,,,,,,,,,,,,,,,,,1,,,,,1,,,,,,,1,15,,,,,,,,,13,,,,3,,,,,,,,,,,,,,,,,,,,,,,,,,,2,,,,,,,,,,,,,,,,,,22,,,,,,,,,,,,,,,,,,,,,,,,,,,,,,,,,,,24,,,3,,,,,,,,,,,,,223,,,,,,1,,,,,,,1,14,8,5,0.4720464682,311,625,314
2/23/2019,Waipouli,22.060684,-159.318512,8:51:00,9:45:00,4,20,19,,1,,,,,,,,,,13,,1,,,,,,,,,,,,,,,,,,,,1,,,,1,,,,,,,,,,,1,43,,,,,,,,9,,,,,,,,,,,,,,,,,,,,,,,,,,,,,,,,,,,,,,,,,,,37,1,,,,,28,,,,,,,,,,,,,,,,,89,,,,,,,,,,,,,,,,,,5,,,,,,,22,,,,,,,,31,63,,,,,,,,21,,,,,,17,11,11,0.8682866545,367,475,108
2/23/2019,Waipouli,22.060684,-159.318512,12:50:00,14:30:00,3,20,10,,,,,,,,,,,,,,,,,,,,,,,,,,,,,,,,,,1,,,,,,,,,,,,,2,,1,,,,,,,,,1,,,,,,,,,,,,,,,,,,,,,,,,,,,,,,,,,,,,,,,,,,,10,,,,,,59,,,,,,,,,,,,,,,,,11,,,,,,,,,,,,,,,,,,,,,,,,,5,,,,,,,,1,28,,,,,,,,,,,,,,10,6,5,0.6866543227,119,250,131
2/24/2019,Onekahakaha,19.738602,-155.038879,13:15:00,14:15:00,3,13,25,,,,,,,,,,,,,,,,,3,,,,,,,,,,,,,,,,,,,,,,,,,,,,,,2,,25,,,,1,6,,,,,,,,,,,5,,,1,,,,,,,,,12,,,,,,,,,,,,,,,,,,,,,,,,,,,,,,,,,,,19,,,,,,1,,,,,,,,,,,,4,,1,,,,,,,,,,,,,,,,,,,,,3,,,,,389,,,,,,,,,,,,,,14,10,6,0.3159073734,472,625,153
3/1/2019,Ewa Beach,21.310612,-158.00441,9:15:00,11:20:00,8,10,28,,9,,,,,,,,,,2,,,12,,,,,,,,3,,,,,,,7,,,,,,,,18,,27,13,,,,,,25,,14,,,,,,,,,10,,5,,,,,,,,,,,,,,,18,,,,,,,,,,,,,,,,7,,9,,3,,,,,,5,,,,,,,,,,,,,,,,2,15,,,,,,48,1,,,,1,,,,,,,,1,3,,,,,,,,,,,,,,2,,,,29,,162,,,,,,,,,,,,,,27,24,18,0.8417048534,451,700,249
3/4/2019,Salt Pond,21.900562,-159.609818,9:30:00,10:35:00,6,14,30,,,,,,,,,,,,,,,,,,,,,,,,,,,,,,,,,,,,,,12,,,,,,4,,,,,,,,,,,,,,,53,,,,,,,,,,,,,,,,,,,,,,,,,,,,,,,,,,,,,,,46,,99,,,,,,,,,,3,,,,,,,,3,,,,,,60,,,,,,,,,,,,,,,,,,44,,,,,,,,,,,,,,,27,18,,,,,,,,,,,,,,11,11,8,0.8444385531,369,750,381
3/7/2019,Waipouli,22.060684,-159.318512,10:30:00,12:03:00,7,18,56,,,,,,,,6,,,,,,,,,,,2,,,,,,,,,,,,,,,,,,,17,,,,,,,,,,,6,116,,,,,,,,47,,,,,,,,,6,,,,,,,,,,,,,,,,,,,,,,,,,,,,,,,,,6,13,,,,,,130,,,12,,,,,,,,,,,,,,55,,,,,,,,,,,,,,,,,,25,1,,,,,,,,,,1,,,,12,443,,,,,,,,,,,,,,17,15,14,0.7114087294,898,1400,502
3/7/2019,Mapulehu,21.066799,-156.804993,10:27:00,11:23:00,4,24,23,,5,,,,,,,,,,,,,,,,,,,,,49,,,,,,,,,,,,,,,,,,,,,,,,,,188,,,,,,,,,,,,,,,,,,,,,8,,,,,,,7,,,,,,,,,,,,,,,,,,,,,,,,37,,,,,,,,,,,,,,,,,,,,,,,7,1,,,,,,22,,,,,,,,,,,,,,,,,,,,,,,,,,16,3,,,,,,,,,,,,,,11,10,9,0.6615006905,343,575,232
3/9/2019,Ewa Beach,21.310612,-158.00441,10:52:00,11:34:00,5,20,24,,3,,,,,,,,,,5,,,7,,,,1,,,,6,,,,,,,,,,,,,,,1,,,53,,,,,,,,84,,,,2,,,,,17,,,,2,,,,,,,,,,,,,,,18,,,,,,,,,,,,,,,,,,5,,,,,,,,12,,,,,,,37,,,,,,,7,,,,,,,64,,,,,1,,,,,,,,,,,,,,,,,,,,,,,,5,,,4,,169,,,,,,,,,,,,,,21,18,14,0.8242021972,503,600,97
3/12/19,Diamond Head,21.25544,-157.810303,13:30:00,16:00:00,7,8,35,,1,,,,,,1,,,,5,,1,5,,,,6,,,,2,1,,,,,,,,,,,,,,4,1,,,,,,,,32,,5,,,,24,,,,,10,1,,2,9,,,,,,,,6,,,2,,,,3,,,,,,,,,,,,1,,,,,,27,,,,,1,46,2,,2,2,,2,,,1,,,,,,,,,,,,,,33,,,,,,,,,,,,,,,,2,26,31,1,,2,6,,,,,,,,,,,55,266,,23,,2,,,,,,,,,,40,30,18,0.8085342983,652,875,223
4/1/2019,Baby Makapuu,21.316488,-157.664261,8:45:00,11:00:00,7,15,24,,,,,,,,,,,,2,,,,,,,,,,,4,1,,,,,,,,,,,1,,,,,,,2,,,,,,,38,,,,,,,,,,,,1,,,,1,2,,1,,,,,,,,,,,,,,,,1,,,,,,,,,,,1,1,,,,,,,,,,,,,,,,,,,,1,,,,,,,,36,,,,,,,,,,,,1,,,,,,,,,,,,,,,,,,,,,,99,,,,,,,,,,,,,,17,7,3,0.6657491364,193,600,407
4/2/2019,Baby Makapuu,21.316488,-157.664261,8:45:00,11:15:00,7,10,27,,,,,,,,10,,,,11,,,,,,,,,,,,,,,,,,,,,,,,,,,,,,2,,,,,,1,7,,,,3,,,,3,,,,1,,,,,,,,,,,,,,,,6,,,,,,,,,,,,,,,,,,1,,,1,,,,,3,,,,7,,,,,,,,,2,,,,,,,,37,3,,,,,,,,,,,,,,,,2,,,,,36,,,,,,,,,,,,254,,,,,,,,,,,,3,,20,16,8,0.5637690191,393,675,282
4/3/2019,Baby Makapuu,21.316488,-157.664261,9:00:00,11:00:00,5,10,22,,,,2,,,,,,,,,,,,,,,,,,,23,,,,,,,,,,,,,13,,10,,,,6,,,,,,,42,,,,,,,,,,,,,,,,1,,,,,,,,,,,,6,,,,,,,7,,,,,,,,,,,,,1,,,,,,,,,,,,,,,,,,,,,,,,,,,39,8,,,,,,,,,,,,,,,,,,,,,6,,,,,,,,,,,,110,,,,,,,3,,,,,,8,16,14,12,0.7998764517,285,550,265
4/4/2019,Baby Makapuu,21.316488,-157.664261,9:00:00,11:30:00,5,10,25,,,,,,,,,,,,,,,,,,,,,,,,,,,,,,,,,,,,,,,,6,,,,,,,1,,68,,,,,,,1,,,,,10,23,,,1,,,2,,,,,,,,,8,,,,,,,,,,,,,,,,,,,,,,,,,,1,,,,4,,,,,,,,,,1,,,,,,,45,11,,,,,,,,,,,,2,,,,,,,,,,,2,,,,,,,,,,151,,,,,,,,,,,,,,17,12,8,0.7350925533,337,625,288
4/8/2019,Salt Pond,21.900562,-159.609818,10:55:00,11:45:00,6,10,29,,14,,,,,,,,,,,,,,,,,,,,,,,,,,,,,,,,,,,,2,,,,,,,,,,2,,,,,,,,,,,19,,,,,,,,6,,,,,,,,,,,,,,,,,,,,,,,,,,,,,,,,,,174,,,,,,12,,,8,,,,2,,1,,1,,,,,,55,,,,1,,,,,,,,,,,,,,31,1,,,,,,,,,,,,,,2,15,,,,,,,2,,3,1,,,,20,15,9,0.7169612795,352,725,373
4/9/2019,Baby Makapuu,21.316488,-157.664261,8:43:00,9:30:00,4,40,10,,,,,,,,,,,,,,,,,,,,,,,,,,,,,,,,,,,,,,,,,,,,,,,,,,,,,,,,,,,,,,,,,2,,,,,3,,,,,,,,,,,,,,,,,,,,,,,,,2,,,,,,,,,,,,,,,,,,,,,,,,,,,,,15,,,,,,,,,,,,,,,,,,,,,,,,,,,,,,,,,,13,,,,,,,,,,,,,,5,5,2,0.6840336134,35,250,215
4/9/2019,Ewa Beach,21.310612,-158.00441,9:30:00,10:30:00,7,20,28,,1,,,,,,,,,,1,,,29,,,,,,,,,,,,,,,,,,,,,,,,16,,49,,,,,,,,16,,,,,,1,,,11,,,,29,,,,,,,,,,,,,,1,,,,,,,,,,,,,,,,,,,4,,,,,,,5,10,5,,,,,,,,,,,,,,,,,,,,99,,,,,,,,,,,,,,,,,,20,,,,,,,,,,,,,,,,23,,,,,,,,,,,,,,17,13,12,0.8501567398,320,700,380
4/11/2019,Lanikai Point,21.3962,-157.720306,10:00:00,11:30:00,6,11,29,,,,,,,,,,,,,,39,,,,,,,,,,,,,,,,,,,,,,,,,,,,,,,,,,,137,,,,,,,,,,,,,,,,,,,,,,,,,,,,,,,,,,,,,,,,,,,,,,,23,,,,,,,,16,,,2,,,,,,,,,,,,,,,,,,,,,5,,,,,,,,,,,,,,,3,,,,,,,,,,,,,,,39,,,,,,,,,,,,,,8,8,6,0.6778142643,264,725,461
4/16/2019,Ewa Beach,21.310612,-158.00441,9:20:00,9:55:00,5,20,20,,6,,,,,,,,,,,,,1,,,,,,,,,1,,,,,,,,,,,,,,1,17,,22,,,,,,,,,,,,,,,,,9,,,,22,,,,,,,,,,,1,,,,2,,,,,,,,,,,,,,,,,,,,,,,,19,,2,,,,,,,4,,,,,,,9,,,,,,,111,,,,,,,,,,,,,,3,,,,,,,,,,,,,,,,,,,3,65,,,,,,,,,,,,,,18,14,9,0.7953811041,298,500,202
4/16/2019,Diamond Head,21.25544,-157.810303,8:35:00,10:00:00,6,12.5,28,,,,,,,,,,,,,,,,,,,,,,,,,,,,,,,,,,,,,,5,,,,,,,,,,,28,,,,,,,,,3,9,,11,,,,,,,,,,,,,,,,,,,,,,,,,,,,,,1,,,,,,,,,55,2,,,,,,27,,,22,,,,,,,,,,,,,,95,,,,,,,,,,,,,,,,18,1,3,,,,,,,,,,,,,,,98,85,,,,,,,,,,,,,,16,14,11,0.8551326284,463,700,237
4/17/2019,Diamond Head,21.25544,-157.810303,8:40:00,10:00:00,5,11,46,,,,1,,,,,,,,5,,,,,,,,,,,,,,,,1,,,,,,,,,,,1,,,,,,,,,,92,,,,,,,,14,4,9,6,,44,,,,,,,,,,,,,,,,,,,,,,,,,,,,,1,,8,,,,,5,,4,,,,,,,68,,,3,,,,,,,,,,,,,,471,,,,,,,,,,,,,,,,16,5,,,,,7,,,,,,,,,,,59,119,,,,20,,,,,,,,,,23,19,16,0.7250168932,963,1150,187
4/17/2019,Hilo Yacht Club,19.737894,-155.034058,8:50:00,10:45:00,7,20,22,,,,,,,,,,,,,,,,,4,,,,,,94,,,1,,,,,,,,,,,,12,,,,,,,,,18,,75,,,,,,,,,,,,,,,,,,,,,,,,,,,,11,,,,,,,,,,,,,,,,,,,28,,,,,,,,,,,,,,,,,,,,,,,,,,,,,,,,,,,,,,,,,,,,,,,,,15,,,,,,,,3,,,,,90,,,,8,,,,,,,,,,12,11,9,0.8141174274,359,550,191
4/18/2019,Old Airport,19.643276,-156.010193,9:55:00,11:30:00,4,18,26,,,,19,,,,,,,,,,5,,,,1,,,,,,,,,,,,,,1,,,,,,2,,,,,18,11,,,,,68,,,,,,,,,,,,5,,,,6,3,,,,,,,,,,,,,,,,,,,,,,,,,,,,,,,,,,,11,,,3,,,,,,,13,,,,,,,,,,,,,10,,,,,,,,,,,,,,,,,,48,,,,,,,,,,,,,,,,117,,,,,,12,,,,,,,,18,16,13,0.8252478754,353,650,297
4/18/2019,Hilo Yacht Club,19.737894,-155.034058,9:00:00,10:45:00,7,20,28,,,,,,,,,,,,,,,,,,,,,,,49,,,,,,,,,,,,,,,,,,,,,,,,24,,28,,,,,,,,,,,,,,,,,1,,,,,,,,,,,,,,,,,,,,,,,,,,,,,,48,,,,,,,,,,,,,,,,,,,,,,,,,,,,,,,,,,,,,,,,,,,,,,,,,2,,,,,,,,3,,1,6,,274,,,,3,,,,,,,,,,11,9,6,0.5799814855,439,700,261
4/18/2019,Kona Bay Estates,19.640812,-156.006927,9:00:00,11:30:00,4,20,26,,,,24,,,,,,,,,,,,,,1,,,,,,,,,,,,,,1,,,,,,2,,,,,18,11,,,,,68,,,,,,,,,,,,5,,,,6,3,,,,,,,,,,,,,,,,,,,,,,,,,,,,,,,,,,,11,,,3,,,,,,,,,,,,,,,,,,,,10,,,,,,,,,,,,,,,,,,48,,,,,,,,,,,,,,,,117,,,,,,12,,,,,,,,16,14,11,0.811313552,340,650,310
4/18/2019,Diamond Head,21.25544,-157.810303,9:00:00,10:20:00,5,10.5,46,,1,,,,,,,,,,,,,,,,,,,,,1,,,,,,,1,,,,,,,,,,,,,,,,,,,63,,,,,,,,2,19,4,,,,,,,,,,,,,,,,,,,,,,,,,,,,,,,,2,,,,2,,,1,,8,24,,,,,,91,,,12,,,,,,,1,,,,,,,318,,,,,,,,,,,,,,,,18,15,51,,,,,,,1,,,,,,,20,132,46,,,,1,,,,,,,,,,24,17,13,0.8030723081,834,1150,316
4/18/2019,Waiʻanae High School Reef,21.452875,-158.199966,8:30:00,9:35:00,6,11,30,,7,,,,,,,,,,,,,,,,,,,,,,,,,,,,,,,,,,,,,,,,,,,,,,,19,,,,,,,,,8,,,,35,,,,,25,12,,,,,,,,,,,,,,,,,,,,,,,,,,,,,,,,,89,,,,,,,,,,,,,,,,,,,,,,,111,,,,,,,,,,,,,,,,2,,187,,,,,,,11,,,,,,,,12,157,,,,,,,,,,,,,,13,13,12,0.8199318606,675,750,75
4/22/2019,Fuji,22.065599,-159.317703,11:00:00,12:00:00,5,7,40,,,,,,,,,,,,,,23,,,,,,,,,,,,,,,,,,,,,,,,,,,,,,,,,,,13,2,,,,,,,,35,37,28,,2,,,,2,,,,,,,,,,,,,,,,,,,,,,,,,,,,,,,,,,13,23,,,,,,6,,,,,,,,,1,,,,,,,,117,,,,,,,,,,,,,,,,,,12,,,,,,,,,,,,,,,9,478,,,,,,,,,,,,,2,17,16,12,0.6173607078,803,1000,197
4/22/2019,Waipouli,22.060684,-159.318512,11:05:00,12:00:00,5,15,23,,,,,,,,,,,,,,,,,,,2,,,,,,,,,,,,,3,,,,,,7,,,,,,,,,,1,4,49,,,,,,,1,55,,,,1,,,,,,,,,,,,,,,,,,,1,,,2,,,,,,,,,,,,,,,,,2,,,,,,4,,,40,,,,,,,,,,,,,,30,,,,,,,,,,,,,,,,,,1,,,,,,,,,,,,,,,7,41,,,,25,,,,,,,,,,19,14,8,0.8667720685,276,575,299
4/22/2019,Onekahakaha,19.738602,-155.038879,10:01:00,10:58:00,6,11,27,,,,,,,,,,,,,,1,,,,,,,,,,,,,,,,,,,,,,,,,,,,,,,,,15,,1,,,,,,,,,,,,,,,,,,10,,,,,,,,,,,,,,,,,,,,,,,,,,,,,,,,,,,,,,,,,,,,,,22,,,,,,,,,,,5,3,,,,,6,21,28,,,,,,,,,,,,,4,,,,,,,,10,,1,,,331,,,,,,,,,,,,,,14,11,9,0.4681184486,458,675,217
4/23/2019,Diamond Head,21.25544,-157.810303,11:30:00,12:15:00,6,14,18,,5,,,,,,,,,,,,9,,,,,,,,,,,,,,,5,,,,,,,,,,,,,,,,,,,,,,,,,,,,,,,,,2,,,,,,,,,,,,,,,,,,,,,,,,,,,,,,,,,,,,,,,9,,2,,,,35,,,,,,,,,,,,,,,,,139,,,,,,,,,,,,,,,,13,,52,,,,,,,,,,,,,,,68,9,,2,,,,,,,,,,,,13,13,10,0.7707900123,350,450,100
5/2/2019,Kamaole 2&3 Beach Parks,20.714273,-156.447128,9:28:00,10:15:00,10,10,18,,,,,,,,,,,,,,,,,,,,,,,,2,,,,,,,1,,,,,,,,,,,,,,,,,,21,,,,,,,,,,1,,,,,,10,4,2,,,,,,,,,,,,,,,,,,,,,,,,,,,,,,,,,,,,,,,,,,,,,,,,,,2,5,,,,,,1,,,,,,,,,,,,13,,,,,1,,,,,33,,,,,,,,,,,1,173,,,,,,,5,,,,,,,16,11,7,0.5814731254,275,450,175
5/17/2019,Kona Bay Estates,19.640812,-156.006927,8:45:00,10:45:00,5,22,19,,,,,,,,,,,,,,12,,,,2,,,,,,,,,,,,,,,,,,,,1,,,,,10,3,,,,1,28,,,,,,,,,,,,,,,,17,5,,,,,,,,,,,,,,,,,,,,,,,,,,,,,,,,,,,21,,,,,,,,,,,,,,,,,,,,,,,2,,,,,,,,,,,,,,,,,27,58,,,,,,,,,,,,,,,,134,,,,1,,,,,,,,,,15,12,9,0.7723534761,322,475,153
5/17/2019,Ewa Beach,21.310612,-158.00441,8:30:00,10:30:00,5,10,25,,19,,,,,,,,,,,,,17,,,,1,,,,,,,,,,,,,,,,,,,,22,4,2,,,,,,,,22,,,,,,,,,26,,,,4,,,,,,,,,,,,,,,,,,,,,,,,,,,,,,,,,,,,,,,,,,,,,,,,,,,,,,,8,,,,,,,261,,,,,,,,,,,,,,5,,,,,,,,2,,,,,,,,,,,2,97,,,,1,,,,,,,,,,16,14,9,0.672380811,493,625,132
9/26/2019,Kapukahehu Kaluakoʻi,21.1408,-157.290115,9:00:00,9:24:00,3,14,6,,,,,,,,,,,,,,,,,,,,,,,,,,,,,,,,,,,,,,,,,,,,,,,,,,,,,,,,,,,,1,,,,,,,,,,,,,,,,,,,,,,,,,,,,,,,,,,,,,,,,,,,,,,,,,,,,,,,,,,,,,,,,106,,,,,,,,,,,,,,,,,,,1,,,,,,,,,,,,,,,,,,,,,,,,4,,,,,4,2,1,0.1037644788,112,150,38
9/27/2019,Kapukahehu Kaluakoʻi,21.1408,-157.290115,8:57:00,9:21:00,6,13,19,,,,,,,,,,,,,,,,,4,,,,,,,,,,,,15,,,,,,,,,,,,,,,,,,,,,,,1,,,,,,,,,,,,1,,,,,,,,,,,,,,,,,49,,,,,,,,,,,,,,8,,,,,,,,,,,,,,,,,,,,,,,,,,,,,60,,,,,,,,,,,,,,,,,,6,,,,,,,,,,,,,,,,53,,,,,,,,,,,,,,9,7,6,0.768051383,197,475,278
1/9/2020,Wawaloli,19.715052,-156.049133,10:50:00,11:40:00,5,20,20,No results displayed for 3rd transect,,,21,,,,,,,,,,2,,,,,,,,,,,,,,,,,,,,,,,,,,,,,,,,,,,70,,,,,,,,,,,,,,,,,,,,,,,,,,,,,,,,,,,,,,,,1,,,,,,,,,,,,,,,4,,,,,,,,,,,,,,,,,,,,,,,,,,,,,,,,,,,,,,,,,,,,,,,,,,,,,,31,,,,60,,,,,,,,,,7,6,4,0.726049758,189,500,311
1/10/2020,Kahalu'u Bay ,19.5791,-155.967804,10:12:00,11:05:00,5,20,24,,,,,,,,,,,,,,,,,,,,,,,,,,,,,,,,,,,,,,,,,,,,,,,,,224,,,,,,,,,,,,,,,,,,,,,,,,,,,,,,,,,,,,,,,,,,,,,,,,,,,,,,,,,,,,,,,,,,,,,,,,,,,,,,,,,,,,,,,,,,,,,,,,,,,,,,,,,,,,,165,,,,,,,,,,,,,,2,2,2,0.4897569767,389,600,211
2/7/2020,Kahalu'u Bay ,19.5791,-155.967804,10:06:00,10:50:00,5,20,25,,,,,,,,,,,,,,,,,,,,,,,,,,,,,,,,,,,,,,,,,,,,,,,,,188,,,,,,,,,,,,,,,,,,,,,,,,,,,,,,,,,,1,,,,,,,,,,,,,,,,,,,,,,,,,,,,,,,,,,,,,,,,,,,,,,,,,,,,,,,,,,,,,,,,,,,,,,,,,,,278,,,,,,,,,,,,,,3,2,2,0.4846017406,467,625,158
2/21/2020,Old Airport,19.643276,-156.010193,10:03:00,10:40:00,5,20,25,,,,,,,,,,,,,,,,,,,,,,,,,,,,,,,,,,,,,,,,,,,,,,,,,13,,,,,,,,,,,,,,,,3,,,,,,,,,,,,,,,,,,,,,,,,,,,,,,,,,,,,,,,,,,,,,,,,,,,,,,,,,,,27,,,,,,,,,,,,,,,,,,,,,,,,,,,,,9,,,,141,390,,,,2,,,,,,,,,,7,7,5,0.4954103735,585,625,40
2/24/2020,Mapulehu,21.066799,-156.804993,11:25:00,12:15:00,5,25,28,"5 Transects, all different #'s of quadrats/ transect",10,,,,,,,,,,,,,,,,,,,,,,2,,,,,,,,,,,,,,,,,,,,,,,,,63,,,,,,,,,1,,,,6,,,,,,,,,,,,,,,,,,,,,,,,,,,,,,,,,1,,,,,,15,,,,,,,,,,,,,,,,,,,,,,,18,,,,,,,,,,,,,,,,,,,,,,4,,,,,,,,,,,,178,,,,,,,,,,,,,2,11,9,6,0.5979487179,300,700,400
3/3/2020,Ewa Beach,21.310612,-158.00441,9:30:00,11:00:00,5,8,9,In database only 3 transects (note the 2nd transect consisted of only 1 quadrat). Transects 1 and 3 had only 4 quadrats (not stated 5).,23,,,,,,,,,,,,,23,,,,,,,,,,,,,,,,,,,,,,,,,,1,,,,,,,,,,,,,,,,,,,,,,,,,,,,,,,,,,,,,,,,,,,,,,,,,,,,,,,,,,,,,,,,,,,,,,,,,,,,,,,,,,,34,,,,,,,,,,,,,,,,,,,,,,,,,,,,,,,,,,1,,,,,,,,,,,,,,5,3,3,0.6787112316,82,225,143
3/11/2020,Baby Makapuu,21.316488,-157.664261,9:01:00,10:00:00,5,40,25,Actually 5 (vs. 3) transects and 5 quads/T (vs. 10) in datasheet,,,,,,,,,,,,,,,,,,,,,,,,,,,,,,,,,,,,,,,,,,,,,,,,25,,,,,,,,,,,,,,,,7,,,,,1,,,,,,,,,,,,,,,,,,,,,,,,,,,,,,,,,,,,,,,,,,,,,,,,,,,,,,6,,,,,,,,,,,,,,,,,,,,,,,,,,,,,,,,,,252,,,,,,,,,,,,,,5,4,4,0.2425168859,291,625,334
,,,,0:00:00,1:00:00,,,,,,,,,,,,,,,,,,,,,,,,,,,,,,,,,,,,,,,,,,,,,,,,,,,,,,,,,,,,,,,,,,,,,,,,,,,,,,,,,,,,,,,,,,,,,,,,,,,,,,,,,,,,,,,,,,,,,,,,,,,,,,,,,,,,,,,,,,,,,,,,,,,,,,,,,,,,,,,,,,,,,,,,,,,,,,,,,,,,,
,,,,,,,,,Count (# non-zero),98,13,17,2,1,4,14,1,6,1,49,28,28,27,20,11,8,43,1,8,6,60,18,1,6,2,4,4,5,5,5,4,11,2,13,1,61,13,12,37,8,7,26,2,3,42,11,135,38,1,5,47,4,3,5,12,65,39,17,21,80,1,13,54,29,8,7,1,17,2,9,17,3,1,6,36,1,4,4,42,1,8,16,5,1,1,2,5,1,8,12,8,9,55,21,5,12,2,20,101,10,34,22,11,1,62,2,1,54,6,4,1,20,4,6,37,31,1,6,2,1,4,148,17,2,1,6,5,7,2,5,1,1,1,13,11,17,2,15,9,100,33,1,14,35,2,11,29,2,1,6,33,3,11,17,69,173,21,13,4,25,8,6,7,4,7,4,12,42,12,,,,,,,
,,,,,,,,,Total #,3206,40,162,40,1,18,56,1,84,3,1173,177,211,196,151,116,36,221,1,45,20,2142,94,1,11,2,10,27,12,6,7,17,101,2,79,7,645,79,63,419,25,61,101,3,3,455,15,5624,2641,1,6,768,22,7,49,85,857,436,195,200,1421,3,64,435,130,53,23,1,86,2,44,288,15,18,22,689,1,14,18,316,3,22,34,15,1,2,16,6,3,19,51,32,165,483,180,6,124,8,520,3301,29,115,74,111,4,1526,8,1,869,22,142,22,34,7,7,174,221,1,17,2,1,28,15241,116,5,1,16,28,21,43,154,5,2,3,202,54,392,2,115,91,3195,131,1,64,388,2,34,340,2,1,77,351,5,17,151,2512,27841,304,86,7,380,67,60,84,83,18,19,55,976,73,,,,,,,
,,,,,,,,,,,,,,,,,,,,,,,,,,,,,,,,,,,,,,,,,,,,,,,,,,,,,,,,,,,,,,,,,,,,,,,,,,,,,,,,,,,,,,,,,,,,,,,,,,,,,,,,,,,,,,,,,,,,,,,,,,,,,,,,,,,,,,,,,,,,,,,,,,,,,,,,,,,,,,,,,,,,,,,,,,,,,,,,,,,,,,,,,,
,,,,,,,,,,,,,,,,,,,,,,,,,,,,,,,,,,,,,,,,,,,,,,,,,,,,,,,,,,,,,,,,,,,,,,,,,,,,,,,,,,,,,,,,,,,,,,,,,,,,,,,,,,,,,,,,,,,,,,,,,,,,,,,,,,,,,,,,,,,,,,,,,,,,,,,,,,,,,,,,,,,,,,,,,,,Avg,,,,,,,,,17.07821229,13.46927374,9.625698324,,,,